date,visitors,is_weekend,is_holiday,is_peak_season,is_operating_season,temp_high,temp_low,precipitation,wind_speed,pre_sale_tickets,hour_0,hour_1,hour_2,hour_3,hour_4,hour_5,hour_6,hour_7,hour_8,hour_9,hour_10,hour_11,hour_12,hour_13,hour_14,hour_15,hour_16,hour_17,hour_18,hour_19,hour_20,hour_21,hour_22,hour_23
2024-01-01,19797,0,1,1,1,-24.0,-33.0,1.62,1.7,6187,116,32,66,0,149,105,0,0,0,235,801,1268,1621,2020,2168,2326,2141,1971,1678,1095,897,624,252,232
2024-01-02,27791,0,1,1,1,-20.8,-36.4,0.13,2.3,9143,0,178,0,71,0,8,20,0,341,530,1285,1948,2365,2917,2962,3156,2807,2656,2137,1539,1373,757,450,291
2024-01-03,22531,0,1,1,1,-24.8,-33.7,0.09,3.7,11184,0,0,0,130,44,0,0,0,49,420,949,1602,1902,2113,2664,2803,2497,2348,1798,1358,986,504,308,56
2024-01-04,18023,0,0,1,1,-20.6,-38.0,0.86,2.7,5985,71,0,0,0,0,120,86,37,191,347,612,1248,1499,1837,2134,2050,1817,1675,1380,1139,889,387,353,151
2024-01-05,15670,0,0,1,1,-24.6,-35.9,0.5,2.8,5543,50,0,117,114,0,0,0,0,0,260,622,898,1265,1654,1721,1784,1706,1674,1178,974,764,400,367,122
2024-01-06,24371,1,0,1,1,-19.6,-30.6,0.93,1.8,7663,67,0,4,0,55,0,72,0,285,219,892,1401,2186,2525,2647,2928,2741,2403,1917,1330,916,866,629,288
2024-01-07,24199,1,0,1,1,-27.8,-38.0,1.56,3.7,7310,151,40,0,0,62,0,0,18,192,415,847,1629,1925,2316,2834,2926,2754,2442,1932,1274,1021,625,378,418
2024-01-08,18878,0,0,1,1,-24.6,-32.2,1.2,3.0,6897,0,0,64,0,0,42,0,127,221,391,686,1035,1661,1788,2215,2313,2092,1749,1414,1187,761,447,378,307
2024-01-09,19069,0,0,1,1,-18.6,-33.0,0.12,3.1,8113,71,58,59,0,0,91,91,108,214,280,738,1287,1612,1904,2208,2337,1981,1808,1355,1129,693,543,381,121
2024-01-10,19640,0,0,1,1,-23.7,-36.2,0.05,2.4,5409,6,84,0,38,0,0,9,12,140,362,927,1271,1600,2040,2168,2330,2011,1800,1702,1273,937,556,287,87
2024-01-11,20013,0,0,1,1,-28.0,-34.0,1.51,1.5,8825,77,17,36,0,0,0,84,0,0,158,667,1444,1803,2035,2218,2457,2239,1936,1613,1192,957,657,260,163
2024-01-12,23919,0,0,1,1,-16.9,-34.8,2.33,1.8,6317,54,0,32,168,28,0,54,0,137,528,915,1735,2193,2280,2591,2735,2452,2241,1987,1273,1009,851,296,360
2024-01-13,27387,1,0,1,1,-25.1,-36.9,1.43,4.1,13707,0,0,105,129,207,0,0,116,64,577,1207,1685,2349,2747,2868,3348,2906,2777,2035,1751,1141,585,699,91
2024-01-14,29007,1,0,1,1,-24.4,-34.0,3.61,5.3,11416,0,80,118,136,135,0,0,0,169,411,1350,1830,2305,2755,3483,3570,3028,2728,2432,1553,1465,973,388,98
2024-01-15,19462,0,0,1,1,-25.4,-31.5,3.53,2.1,7890,17,0,124,0,0,0,0,0,0,170,813,1323,1657,2061,2168,2246,2224,1834,1677,1001,1008,435,504,200
2024-01-16,21319,0,0,1,1,-23.8,-33.6,0.89,4.7,7267,42,27,132,0,0,148,128,0,142,235,722,1328,1704,2090,2232,2644,2429,2128,1662,1174,1031,679,301,341
2024-01-17,22869,0,0,1,1,-19.6,-32.8,0.65,4.4,10232,0,32,0,164,119,118,0,0,30,172,1000,1528,2029,2356,2529,2722,2556,2304,1657,1292,852,813,473,123
2024-01-18,22338,0,0,1,1,-19.4,-31.8,0.53,3.4,7909,96,7,124,18,21,133,0,0,0,422,929,1513,1782,2087,2377,2618,2470,2178,1751,1473,943,669,543,184
2024-01-19,19713,0,0,1,1,-23.0,-32.0,3.6,1.0,6738,158,0,0,43,0,0,0,0,0,189,869,1232,1697,2187,2357,2533,2155,1956,1494,1125,852,510,276,80
2024-01-20,26805,1,0,1,1,-24.5,-38.0,0.55,5.4,8708,54,0,159,179,0,0,130,105,0,275,1009,1724,2313,2606,3045,3310,2731,2557,2220,1765,1203,812,365,243
2024-01-21,26628,1,0,1,1,-23.3,-38.0,0.38,2.8,9563,0,0,166,39,76,123,0,0,149,436,1170,1703,2107,2573,3007,3270,2962,2604,2340,1644,1087,629,385,158
2024-01-22,18484,0,0,1,1,-25.1,-36.0,0.41,3.1,6138,140,0,0,136,106,92,0,0,140,398,746,1206,1485,1902,2005,2149,1984,1825,1383,981,852,485,388,81
2024-01-23,21750,0,0,1,1,-28.0,-26.5,0.06,2.0,5713,164,0,104,0,61,87,32,0,75,264,985,1477,1943,1976,2495,2679,2205,1956,1763,1286,1061,509,519,109
2024-01-24,23087,0,0,1,1,-24.8,-35.8,2.06,3.4,7428,134,0,113,0,0,0,0,88,112,239,1037,1411,1916,2381,2615,2546,2626,2281,1729,1212,1111,713,459,364
2024-01-25,18444,0,0,1,1,-22.6,-36.2,0.46,4.0,4734,20,75,108,0,92,0,99,0,60,356,620,1094,1597,1867,2115,2230,1996,1732,1398,990,929,565,332,169
2024-01-26,25139,0,0,1,1,-15.8,-34.2,1.16,3.1,9787,165,81,0,29,41,0,92,169,288,347,826,1779,2211,2298,2976,3089,2697,2481,1916,1293,1035,852,295,179
2024-01-27,23961,1,0,1,1,-28.0,-32.1,3.11,1.5,11337,0,0,0,0,0,0,158,0,150,409,770,1617,1909,2568,2616,2845,2472,2581,1914,1471,910,813,367,391
2024-01-28,24363,1,0,1,1,-25.2,-36.3,0.05,6.1,8045,0,9,0,0,23,0,0,143,301,322,903,1673,2077,2298,2723,3080,2799,2299,1879,1385,1187,555,339,368
2024-01-29,19207,0,0,1,1,-26.7,-33.0,0.34,2.7,7576,109,101,0,51,0,0,121,0,0,198,622,1150,1658,1896,2329,2412,2064,1846,1499,1180,793,614,356,208
2024-01-30,20432,0,0,1,1,-25.1,-38.0,3.7,2.4,8656,0,128,97,0,0,0,13,43,22,187,923,1481,1739,1929,2268,2287,2385,1912,1654,1148,934,660,514,108
2024-01-31,23698,0,0,1,1,-18.7,-29.5,1.37,0.8,8383,0,0,90,0,39,0,0,0,64,440,875,1573,2015,2444,2906,2956,2511,2203,1815,1465,901,713,513,175
2024-02-01,22368,0,0,1,1,-22.6,-35.3,0.1,3.0,8671,0,0,110,104,67,0,31,0,0,471,742,1568,1828,2063,2513,2746,2470,2279,1793,1370,1099,564,430,120
2024-02-02,21020,0,0,1,1,-22.8,-31.7,0.04,1.7,9141,155,146,0,119,113,0,108,0,135,220,700,1202,1819,2011,2460,2334,2210,2077,1747,1179,970,746,451,118
2024-02-03,28813,1,0,1,1,-23.0,-32.0,2.04,2.4,12215,171,221,122,0,0,108,0,0,76,331,1051,1738,2223,2641,3526,3401,3095,2944,2160,1923,1419,670,534,459
2024-02-04,34725,1,0,1,1,-21.0,-34.2,1.22,4.4,14029,0,0,0,151,0,0,254,208,402,777,1180,2149,3025,3500,3715,4255,3583,3244,2735,2086,1570,796,883,212
2024-02-05,21084,0,0,1,1,-19.7,-32.3,1.03,2.8,6842,0,71,0,0,0,58,0,112,98,294,830,1405,1653,2059,2323,2339,2324,2097,1652,1313,1018,667,508,263
2024-02-06,22536,0,0,1,1,-18.3,-30.8,1.81,2.9,7144,83,0,109,114,2,0,0,40,273,368,779,1447,1845,2251,2343,2688,2385,2314,1669,1338,1118,509,581,280
2024-02-07,17328,0,0,1,1,-24.0,-34.2,1.61,3.2,5530,33,0,101,129,128,68,0,70,0,125,634,1106,1524,1756,1947,1985,2021,1686,1351,931,848,564,265,56
2024-02-08,38893,0,1,1,1,-18.7,-30.2,0.42,3.8,15945,0,0,288,0,234,0,0,0,276,480,1707,2405,3446,3538,4504,4645,4260,3931,3136,2310,1456,839,996,442
2024-02-09,36410,0,1,1,1,-18.2,-33.7,0.17,3.5,13949,0,0,47,0,173,0,0,0,0,485,1449,2433,2984,3767,4412,4556,3750,3642,2692,2041,1928,887,730,434
2024-02-10,43274,1,1,1,1,-17.1,-31.8,0.01,3.3,13547,0,0,0,0,46,129,204,0,0,369,1797,2910,3302,4558,4594,5148,4829,4513,3554,2762,1807,1492,565,695
2024-02-11,66718,1,1,1,1,-21.7,-29.2,0.81,3.6,29516,0,0,0,387,0,496,0,0,627,1142,2604,4293,5767,6233,8011,8323,7324,6203,5401,3463,2443,1702,1264,1035
2024-02-12,33038,0,1,1,1,-19.6,-30.3,0.75,1.6,16382,187,40,0,115,0,190,204,0,45,526,1489,1929,2779,3263,3808,3647,3626,3405,2393,1783,1679,795,820,315
2024-02-13,31392,0,1,1,1,-23.2,-31.3,0.8,0.4,13105,0,236,0,79,0,137,0,236,134,339,1045,1881,2688,3068,3800,3746,3339,3210,2625,1722,1250,711,749,397
2024-02-14,35160,0,1,1,1,-22.2,-29.1,2.25,4.3,11489,0,0,17,243,0,0,0,241,71,526,1137,2066,3229,3740,3727,4437,3906,3686,2759,2097,1560,1137,495,86
2024-02-15,32306,0,1,1,1,-24.9,-29.3,0.31,3.4,13937,0,95,167,220,91,0,58,183,190,232,1456,2112,2726,2963,3649,3684,3490,2909,2562,2111,1172,1168,574,494
2024-02-16,0,0,1,0,1,-17.3,-31.5,1.87,2.8,0,0,0,0,0,0,0,0,0,0,0,0,0,0,0,0,0,0,0,0,0,0,0,0,0
2024-02-17,0,1,1,0,1,-25.2,-28.8,2.32,4.0,0,0,0,0,0,0,0,0,0,0,0,0,0,0,0,0,0,0,0,0,0,0,0,0,0
2024-02-18,0,1,1,0,1,-22.1,-28.3,0.18,2.9,0,0,0,0,0,0,0,0,0,0,0,0,0,0,0,0,0,0,0,0,0,0,0,0,0
2024-02-19,0,0,1,0,1,-25.5,-35.3,0.72,2.1,0,0,0,0,0,0,0,0,0,0,0,0,0,0,0,0,0,0,0,0,0,0,0,0,0
2024-02-20,0,0,1,0,1,-21.9,-36.5,0.67,5.1,0,0,0,0,0,0,0,0,0,0,0,0,0,0,0,0,0,0,0,0,0,0,0,0,0
2024-02-21,0,0,1,0,1,-14.1,-33.7,0.69,3.2,0,0,0,0,0,0,0,0,0,0,0,0,0,0,0,0,0,0,0,0,0,0,0,0,0
2024-02-22,0,0,1,0,1,-20.8,-32.9,0.61,1.5,0,0,0,0,0,0,0,0,0,0,0,0,0,0,0,0,0,0,0,0,0,0,0,0,0
2024-02-23,0,0,1,0,1,-13.2,-28.2,1.39,4.0,0,0,0,0,0,0,0,0,0,0,0,0,0,0,0,0,0,0,0,0,0,0,0,0,0
2024-02-24,0,1,1,0,1,-19.2,-31.9,3.91,2.3,0,0,0,0,0,0,0,0,0,0,0,0,0,0,0,0,0,0,0,0,0,0,0,0,0
2024-02-25,0,1,0,0,1,-20.5,-36.0,0.51,4.3,0,0,0,0,0,0,0,0,0,0,0,0,0,0,0,0,0,0,0,0,0,0,0,0,0
2024-02-26,0,0,0,0,1,-18.8,-36.5,1.43,2.0,0,0,0,0,0,0,0,0,0,0,0,0,0,0,0,0,0,0,0,0,0,0,0,0,0
2024-02-27,0,0,0,0,1,-20.5,-33.5,0.31,2.0,0,0,0,0,0,0,0,0,0,0,0,0,0,0,0,0,0,0,0,0,0,0,0,0,0
2024-02-28,0,0,0,0,1,-19.0,-24.8,0.18,1.3,0,0,0,0,0,0,0,0,0,0,0,0,0,0,0,0,0,0,0,0,0,0,0,0,0
2024-02-29,0,0,0,0,1,-17.8,-30.2,2.57,2.5,0,0,0,0,0,0,0,0,0,0,0,0,0,0,0,0,0,0,0,0,0,0,0,0,0
2024-03-01,10032,0,0,0,1,-18.8,-28.5,2.42,3.3,2965,0,17,0,54,63,0,0,44,13,250,535,923,1031,1225,1138,1010,843,785,705,453,334,222,221,166
2024-03-02,14657,1,0,0,1,-18.2,-34.3,1.32,3.1,7393,46,0,0,51,45,116,0,0,127,316,764,1239,1538,1890,1637,1446,1274,1081,864,748,492,517,234,232
2024-03-03,12168,1,0,0,1,-16.3,-28.5,2.04,1.8,6066,30,10,43,0,0,11,86,0,95,180,658,989,1294,1482,1333,1216,1122,969,719,573,408,448,317,185
2024-03-04,9753,0,0,0,1,-15.0,-29.1,2.65,3.5,2687,49,42,31,0,0,0,0,0,112,196,488,831,1027,1151,1084,1004,846,779,664,426,441,224,235,123
2024-03-05,9396,0,0,0,1,-16.6,-27.4,0.99,3.1,2675,28,0,70,20,47,0,53,62,44,201,549,786,1020,1109,1014,907,770,625,548,532,378,347,175,111
2024-03-06,9431,0,0,0,1,-17.3,-37.5,0.31,1.8,3526,22,0,0,41,0,0,73,0,75,258,474,786,970,1100,1013,961,774,701,680,513,390,251,205,144
2024-03-07,8839,0,0,0,1,-18.6,-31.8,6.07,1.6,2859,0,46,32,37,0,0,0,0,10,212,432,797,927,997,975,947,834,724,570,385,358,257,224,75
2024-03-08,10232,0,0,0,1,-17.9,-32.0,1.11,3.1,3327,0,0,45,62,72,45,0,29,39,159,599,819,1154,1194,1162,1017,955,765,662,427,399,242,236,150
2024-03-09,13699,1,0,0,1,-17.3,-28.9,0.25,2.9,3989,100,52,0,0,0,60,35,0,0,186,789,1291,1456,1546,1484,1473,1188,1087,918,659,483,328,299,265
2024-03-10,15443,1,0,0,1,-10.9,-26.6,0.12,5.1,7789,37,0,0,102,0,0,0,0,101,403,757,1250,1567,1889,1748,1439,1416,1203,1051,844,536,507,288,305
2024-03-11,8963,0,0,0,1,-14.9,-25.0,3.1,3.5,4005,61,0,0,0,31,44,0,0,91,207,486,798,962,1028,1013,899,838,674,604,389,344,193,139,162
2024-03-12,10315,0,0,0,1,-18.2,-23.6,0.67,5.3,3849,0,0,45,8,0,42,0,39,2,275,532,878,1050,1176,1227,1086,884,746,690,565,417,284,187,182
2024-03-13,12046,0,0,0,1,-18.4,-23.7,0.29,2.7,4558,0,15,11,11,20,34,59,0,123,241,584,1004,1300,1521,1433,1267,1093,897,719,572,471,283,188,200
2024-03-14,10465,0,0,0,1,-14.7,-26.4,1.64,4.8,2863,0,56,0,12,14,0,0,0,0,129,630,903,1153,1221,1285,1005,929,846,737,470,468,306,206,95
2024-03-15,9635,0,0,0,1,-17.3,-26.1,2.07,5.4,3883,0,17,0,39,24,71,0,0,14,157,495,938,1031,1131,1168,964,918,661,630,413,321,355,138,150
2024-03-16,12651,1,0,0,1,-19.0,-31.7,7.02,3.5,6144,0,0,46,96,0,30,0,13,55,345,712,1099,1303,1447,1388,1205,1200,953,820,550,574,421,164,230
2024-03-17,13438,1,0,0,1,-15.5,-28.7,1.89,1.9,7494,35,0,0,32,9,0,2,65,57,170,791,1132,1410,1532,1491,1383,1199,933,943,744,610,343,255,302
2024-03-18,12554,0,0,0,1,-17.7,-26.1,7.46,3.2,3403,30,61,0,52,88,0,4,0,115,254,684,1134,1297,1527,1383,1132,1115,954,743,667,556,316,332,110
2024-03-19,10338,0,0,0,1,-16.8,-27.3,7.05,2.3,3494,18,0,61,48,0,74,0,77,76,221,496,961,1088,1158,1072,1010,904,785,712,432,437,250,257,201
2024-03-20,9906,0,0,0,1,-13.9,-20.0,1.2,5.0,3386,0,0,51,0,0,32,50,0,8,138,511,867,1108,1200,1137,949,928,724,706,507,330,319,167,174
2024-03-21,8924,0,0,0,1,-13.2,-26.4,5.81,4.5,3469,1,0,0,0,0,21,60,51,80,213,499,746,1008,1072,1004,811,771,643,613,439,329,325,119,119
2024-03-22,9793,0,0,0,1,-13.2,-25.6,6.33,4.1,3924,47,0,71,35,0,51,0,57,0,225,539,809,1025,1087,1118,938,887,695,598,522,317,353,248,171
2024-03-23,13318,1,0,0,1,-13.6,-21.9,0.67,3.3,6027,16,100,72,4,0,67,20,0,0,337,732,1209,1473,1544,1463,1255,1105,938,880,655,587,369,275,217
2024-03-24,13532,1,0,0,1,-11.8,-19.4,0.89,2.3,5296,33,100,22,54,1,29,0,0,38,272,664,1173,1482,1788,1564,1389,1186,1069,856,631,560,307,168,146
2024-03-25,10092,0,0,0,1,-15.5,-20.8,2.83,1.2,4403,0,0,18,0,0,1,58,0,81,274,483,850,1065,1176,1117,1048,919,754,609,542,465,345,118,169
2024-03-26,9288,0,0,0,1,-15.3,-23.4,3.9,3.2,3169,0,0,0,37,0,0,0,65,70,210,486,842,940,1133,1119,937,883,723,542,519,304,281,131,66
2024-03-27,10074,0,0,0,1,-15.1,-28.6,2.26,2.8,2766,9,0,35,23,53,29,0,26,13,163,578,864,1112,1226,1170,1034,861,699,642,464,403,322,223,125
2024-03-28,10623,0,0,0,1,-16.6,-24.0,0.53,3.1,2983,0,25,23,0,0,0,0,30,72,192,545,1057,1181,1340,1181,1078,891,811,783,520,352,243,196,103
2024-03-29,9733,0,0,0,1,-13.7,-28.4,7.98,4.4,3606,50,74,0,71,0,0,0,6,0,201,537,909,1113,1157,1079,928,821,655,603,447,458,298,169,157
2024-03-30,13192,1,0,0,1,-15.7,-23.2,3.44,0.5,7554,25,14,24,0,0,0,0,8,8,349,785,1193,1410,1615,1392,1335,1071,1017,783,715,601,311,247,289
2024-03-31,12590,1,0,0,1,-12.3,-19.0,3.14,1.8,4582,0,2,0,14,70,93,0,63,111,256,755,1033,1258,1535,1383,1280,1167,824,862,596,487,388,325,88
2024-04-01,0,0,0,0,0,-12.6,-16.3,4.57,2.6,0,0,0,0,0,0,0,0,0,0,0,0,0,0,0,0,0,0,0,0,0,0,0,0,0
2024-04-02,0,0,0,0,0,-14.5,-20.6,5.87,1.9,0,0,0,0,0,0,0,0,0,0,0,0,0,0,0,0,0,0,0,0,0,0,0,0,0
2024-04-03,0,0,0,0,0,-13.4,-24.2,11.47,4.7,0,0,0,0,0,0,0,0,0,0,0,0,0,0,0,0,0,0,0,0,0,0,0,0,0
2024-04-04,0,0,1,0,0,-8.9,-19.7,4.94,4.2,0,0,0,0,0,0,0,0,0,0,0,0,0,0,0,0,0,0,0,0,0,0,0,0,0
2024-04-05,0,0,1,0,0,-12.6,-19.7,5.42,5.0,0,0,0,0,0,0,0,0,0,0,0,0,0,0,0,0,0,0,0,0,0,0,0,0,0
2024-04-06,0,1,1,0,0,-9.5,-18.6,0.35,4.9,0,0,0,0,0,0,0,0,0,0,0,0,0,0,0,0,0,0,0,0,0,0,0,0,0
2024-04-07,0,1,0,0,0,-10.3,-22.9,1.97,2.8,0,0,0,0,0,0,0,0,0,0,0,0,0,0,0,0,0,0,0,0,0,0,0,0,0
2024-04-08,0,0,0,0,0,-12.4,-20.5,6.28,3.3,0,0,0,0,0,0,0,0,0,0,0,0,0,0,0,0,0,0,0,0,0,0,0,0,0
2024-04-09,0,0,0,0,0,-7.9,-19.7,1.37,3.7,0,0,0,0,0,0,0,0,0,0,0,0,0,0,0,0,0,0,0,0,0,0,0,0,0
2024-04-10,0,0,0,0,0,-7.5,-22.0,0.2,4.8,0,0,0,0,0,0,0,0,0,0,0,0,0,0,0,0,0,0,0,0,0,0,0,0,0
2024-04-11,0,0,0,0,0,-11.3,-19.7,1.37,2.8,0,0,0,0,0,0,0,0,0,0,0,0,0,0,0,0,0,0,0,0,0,0,0,0,0
2024-04-12,0,0,0,0,0,-6.4,-21.8,1.53,3.5,0,0,0,0,0,0,0,0,0,0,0,0,0,0,0,0,0,0,0,0,0,0,0,0,0
2024-04-13,0,1,0,0,0,-9.0,-23.3,4.07,3.8,0,0,0,0,0,0,0,0,0,0,0,0,0,0,0,0,0,0,0,0,0,0,0,0,0
2024-04-14,0,1,0,0,0,-4.3,-17.5,0.53,2.2,0,0,0,0,0,0,0,0,0,0,0,0,0,0,0,0,0,0,0,0,0,0,0,0,0
2024-04-15,0,0,0,0,0,-5.1,-18.0,2.41,5.9,0,0,0,0,0,0,0,0,0,0,0,0,0,0,0,0,0,0,0,0,0,0,0,0,0
2024-04-16,0,0,0,0,0,-7.2,-14.1,1.13,3.2,0,0,0,0,0,0,0,0,0,0,0,0,0,0,0,0,0,0,0,0,0,0,0,0,0
2024-04-17,0,0,0,0,0,-5.8,-15.0,6.7,5.0,0,0,0,0,0,0,0,0,0,0,0,0,0,0,0,0,0,0,0,0,0,0,0,0,0
2024-04-18,0,0,0,0,0,-6.1,-8.9,1.31,3.2,0,0,0,0,0,0,0,0,0,0,0,0,0,0,0,0,0,0,0,0,0,0,0,0,0
2024-04-19,0,0,0,0,0,-7.1,-22.4,0.6,3.2,0,0,0,0,0,0,0,0,0,0,0,0,0,0,0,0,0,0,0,0,0,0,0,0,0
2024-04-20,0,1,0,0,0,-9.2,-16.2,0.0,5.2,0,0,0,0,0,0,0,0,0,0,0,0,0,0,0,0,0,0,0,0,0,0,0,0,0
2024-04-21,0,1,0,0,0,-6.4,-18.2,1.37,3.4,0,0,0,0,0,0,0,0,0,0,0,0,0,0,0,0,0,0,0,0,0,0,0,0,0
2024-04-22,0,0,0,0,0,-3.7,-15.6,1.63,2.8,0,0,0,0,0,0,0,0,0,0,0,0,0,0,0,0,0,0,0,0,0,0,0,0,0
2024-04-23,0,0,0,0,0,-8.2,-16.6,1.36,3.3,0,0,0,0,0,0,0,0,0,0,0,0,0,0,0,0,0,0,0,0,0,0,0,0,0
2024-04-24,0,0,0,0,0,-4.8,-12.8,2.48,4.1,0,0,0,0,0,0,0,0,0,0,0,0,0,0,0,0,0,0,0,0,0,0,0,0,0
2024-04-25,0,0,0,0,0,-3.1,-15.8,14.59,4.2,0,0,0,0,0,0,0,0,0,0,0,0,0,0,0,0,0,0,0,0,0,0,0,0,0
2024-04-26,0,0,0,0,0,-12.4,-16.6,4.43,3.7,0,0,0,0,0,0,0,0,0,0,0,0,0,0,0,0,0,0,0,0,0,0,0,0,0
2024-04-27,0,1,0,0,0,-7.2,-13.0,4.89,4.0,0,0,0,0,0,0,0,0,0,0,0,0,0,0,0,0,0,0,0,0,0,0,0,0,0
2024-04-28,0,1,0,0,0,-6.4,-13.7,6.83,3.5,0,0,0,0,0,0,0,0,0,0,0,0,0,0,0,0,0,0,0,0,0,0,0,0,0
2024-04-29,0,0,0,0,0,-3.8,-15.3,2.02,3.9,0,0,0,0,0,0,0,0,0,0,0,0,0,0,0,0,0,0,0,0,0,0,0,0,0
2024-04-30,0,0,0,0,0,-8.3,-11.9,1.07,1.2,0,0,0,0,0,0,0,0,0,0,0,0,0,0,0,0,0,0,0,0,0,0,0,0,0
2024-05-01,0,0,1,0,0,-8.0,-17.7,0.25,3.4,0,0,0,0,0,0,0,0,0,0,0,0,0,0,0,0,0,0,0,0,0,0,0,0,0
2024-05-02,0,0,1,0,0,-2.5,-8.8,1.1,4.3,0,0,0,0,0,0,0,0,0,0,0,0,0,0,0,0,0,0,0,0,0,0,0,0,0
2024-05-03,0,0,1,0,0,3.1,-14.0,9.87,4.8,0,0,0,0,0,0,0,0,0,0,0,0,0,0,0,0,0,0,0,0,0,0,0,0,0
2024-05-04,0,1,1,0,0,-7.6,-15.8,0.69,5.0,0,0,0,0,0,0,0,0,0,0,0,0,0,0,0,0,0,0,0,0,0,0,0,0,0
2024-05-05,0,1,1,0,0,-0.2,-8.5,1.79,2.6,0,0,0,0,0,0,0,0,0,0,0,0,0,0,0,0,0,0,0,0,0,0,0,0,0
2024-05-06,0,0,0,0,0,-5.1,-7.1,10.49,4.8,0,0,0,0,0,0,0,0,0,0,0,0,0,0,0,0,0,0,0,0,0,0,0,0,0
2024-05-07,0,0,0,0,0,-6.4,-14.4,0.29,4.1,0,0,0,0,0,0,0,0,0,0,0,0,0,0,0,0,0,0,0,0,0,0,0,0,0
2024-05-08,0,0,0,0,0,0.3,-14.5,0.07,3.4,0,0,0,0,0,0,0,0,0,0,0,0,0,0,0,0,0,0,0,0,0,0,0,0,0
2024-05-09,0,0,0,0,0,-5.0,-15.8,0.09,3.8,0,0,0,0,0,0,0,0,0,0,0,0,0,0,0,0,0,0,0,0,0,0,0,0,0
2024-05-10,0,0,0,0,0,-9.1,-14.0,3.69,3.8,0,0,0,0,0,0,0,0,0,0,0,0,0,0,0,0,0,0,0,0,0,0,0,0,0
2024-05-11,0,1,0,0,0,-1.1,-10.9,3.06,4.1,0,0,0,0,0,0,0,0,0,0,0,0,0,0,0,0,0,0,0,0,0,0,0,0,0
2024-05-12,0,1,0,0,0,-4.4,-8.8,7.34,5.4,0,0,0,0,0,0,0,0,0,0,0,0,0,0,0,0,0,0,0,0,0,0,0,0,0
2024-05-13,0,0,0,0,0,4.0,-9.8,18.52,4.9,0,0,0,0,0,0,0,0,0,0,0,0,0,0,0,0,0,0,0,0,0,0,0,0,0
2024-05-14,0,0,0,0,0,-1.5,-8.2,0.09,3.4,0,0,0,0,0,0,0,0,0,0,0,0,0,0,0,0,0,0,0,0,0,0,0,0,0
2024-05-15,0,0,0,0,0,-2.4,-6.7,3.67,2.6,0,0,0,0,0,0,0,0,0,0,0,0,0,0,0,0,0,0,0,0,0,0,0,0,0
2024-05-16,0,0,0,0,0,0.6,-13.8,9.49,4.2,0,0,0,0,0,0,0,0,0,0,0,0,0,0,0,0,0,0,0,0,0,0,0,0,0
2024-05-17,0,0,0,0,0,2.3,-7.2,3.11,2.2,0,0,0,0,0,0,0,0,0,0,0,0,0,0,0,0,0,0,0,0,0,0,0,0,0
2024-05-18,0,1,0,0,0,0.2,-11.4,7.03,2.2,0,0,0,0,0,0,0,0,0,0,0,0,0,0,0,0,0,0,0,0,0,0,0,0,0
2024-05-19,0,1,0,0,0,0.7,-10.8,16.27,4.2,0,0,0,0,0,0,0,0,0,0,0,0,0,0,0,0,0,0,0,0,0,0,0,0,0
2024-05-20,0,0,0,0,0,-2.8,-7.7,1.13,3.4,0,0,0,0,0,0,0,0,0,0,0,0,0,0,0,0,0,0,0,0,0,0,0,0,0
2024-05-21,0,0,0,0,0,-1.7,-7.2,7.9,2.8,0,0,0,0,0,0,0,0,0,0,0,0,0,0,0,0,0,0,0,0,0,0,0,0,0
2024-05-22,0,0,0,0,0,3.0,-7.2,2.57,5.6,0,0,0,0,0,0,0,0,0,0,0,0,0,0,0,0,0,0,0,0,0,0,0,0,0
2024-05-23,0,0,0,0,0,4.2,-11.2,2.22,3.9,0,0,0,0,0,0,0,0,0,0,0,0,0,0,0,0,0,0,0,0,0,0,0,0,0
2024-05-24,0,0,0,0,0,4.9,-6.1,6.49,4.1,0,0,0,0,0,0,0,0,0,0,0,0,0,0,0,0,0,0,0,0,0,0,0,0,0
2024-05-25,0,1,0,0,0,1.6,-10.5,16.81,2.3,0,0,0,0,0,0,0,0,0,0,0,0,0,0,0,0,0,0,0,0,0,0,0,0,0
2024-05-26,0,1,0,0,0,8.4,-6.5,0.42,4.2,0,0,0,0,0,0,0,0,0,0,0,0,0,0,0,0,0,0,0,0,0,0,0,0,0
2024-05-27,0,0,0,0,0,0.7,-4.3,3.3,1.6,0,0,0,0,0,0,0,0,0,0,0,0,0,0,0,0,0,0,0,0,0,0,0,0,0
2024-05-28,0,0,0,0,0,-1.5,-2.0,0.28,3.9,0,0,0,0,0,0,0,0,0,0,0,0,0,0,0,0,0,0,0,0,0,0,0,0,0
2024-05-29,0,0,0,0,0,4.1,-5.0,1.5,2.3,0,0,0,0,0,0,0,0,0,0,0,0,0,0,0,0,0,0,0,0,0,0,0,0,0
2024-05-30,0,0,0,0,0,9.2,-4.8,0.41,2.6,0,0,0,0,0,0,0,0,0,0,0,0,0,0,0,0,0,0,0,0,0,0,0,0,0
2024-05-31,0,0,0,0,0,3.5,-5.5,1.15,4.8,0,0,0,0,0,0,0,0,0,0,0,0,0,0,0,0,0,0,0,0,0,0,0,0,0
2024-06-01,0,1,0,0,0,1.6,-5.7,3.55,4.9,0,0,0,0,0,0,0,0,0,0,0,0,0,0,0,0,0,0,0,0,0,0,0,0,0
2024-06-02,0,1,0,0,0,6.2,-8.4,5.63,3.2,0,0,0,0,0,0,0,0,0,0,0,0,0,0,0,0,0,0,0,0,0,0,0,0,0
2024-06-03,0,0,0,0,0,8.4,-3.9,3.82,4.7,0,0,0,0,0,0,0,0,0,0,0,0,0,0,0,0,0,0,0,0,0,0,0,0,0
2024-06-04,0,0,0,0,0,3.5,-3.3,1.44,2.8,0,0,0,0,0,0,0,0,0,0,0,0,0,0,0,0,0,0,0,0,0,0,0,0,0
2024-06-05,0,0,0,0,0,6.9,-3.2,7.26,3.8,0,0,0,0,0,0,0,0,0,0,0,0,0,0,0,0,0,0,0,0,0,0,0,0,0
2024-06-06,0,0,0,0,0,1.8,-5.2,0.17,6.9,0,0,0,0,0,0,0,0,0,0,0,0,0,0,0,0,0,0,0,0,0,0,0,0,0
2024-06-07,0,0,1,0,0,3.5,-5.3,2.84,3.6,0,0,0,0,0,0,0,0,0,0,0,0,0,0,0,0,0,0,0,0,0,0,0,0,0
2024-06-08,0,1,1,0,0,-0.0,-8.5,7.9,2.1,0,0,0,0,0,0,0,0,0,0,0,0,0,0,0,0,0,0,0,0,0,0,0,0,0
2024-06-09,0,1,1,0,0,2.9,-1.2,4.69,5.3,0,0,0,0,0,0,0,0,0,0,0,0,0,0,0,0,0,0,0,0,0,0,0,0,0
2024-06-10,0,0,1,0,0,1.4,0.1,1.56,4.4,0,0,0,0,0,0,0,0,0,0,0,0,0,0,0,0,0,0,0,0,0,0,0,0,0
2024-06-11,0,0,1,0,0,4.0,-6.8,17.09,5.2,0,0,0,0,0,0,0,0,0,0,0,0,0,0,0,0,0,0,0,0,0,0,0,0,0
2024-06-12,0,0,1,0,0,11.4,-8.4,4.95,6.3,0,0,0,0,0,0,0,0,0,0,0,0,0,0,0,0,0,0,0,0,0,0,0,0,0
2024-06-13,0,0,1,0,0,2.9,-3.3,12.85,2.8,0,0,0,0,0,0,0,0,0,0,0,0,0,0,0,0,0,0,0,0,0,0,0,0,0
2024-06-14,0,0,0,0,0,4.5,0.8,3.71,2.7,0,0,0,0,0,0,0,0,0,0,0,0,0,0,0,0,0,0,0,0,0,0,0,0,0
2024-06-15,0,1,0,0,0,2.1,-3.3,2.32,4.8,0,0,0,0,0,0,0,0,0,0,0,0,0,0,0,0,0,0,0,0,0,0,0,0,0
2024-06-16,0,1,0,0,0,7.3,-4.2,0.43,1.3,0,0,0,0,0,0,0,0,0,0,0,0,0,0,0,0,0,0,0,0,0,0,0,0,0
2024-06-17,0,0,0,0,0,7.4,-2.4,2.34,4.9,0,0,0,0,0,0,0,0,0,0,0,0,0,0,0,0,0,0,0,0,0,0,0,0,0
2024-06-18,0,0,0,0,0,8.5,0.2,6.17,2.3,0,0,0,0,0,0,0,0,0,0,0,0,0,0,0,0,0,0,0,0,0,0,0,0,0
2024-06-19,0,0,0,0,0,4.9,-1.8,0.8,4.3,0,0,0,0,0,0,0,0,0,0,0,0,0,0,0,0,0,0,0,0,0,0,0,0,0
2024-06-20,0,0,0,0,0,-1.2,-0.5,0.33,3.1,0,0,0,0,0,0,0,0,0,0,0,0,0,0,0,0,0,0,0,0,0,0,0,0,0
2024-06-21,0,0,0,0,0,8.6,-5.7,7.92,3.1,0,0,0,0,0,0,0,0,0,0,0,0,0,0,0,0,0,0,0,0,0,0,0,0,0
2024-06-22,0,1,0,0,0,10.1,-3.1,2.11,5.9,0,0,0,0,0,0,0,0,0,0,0,0,0,0,0,0,0,0,0,0,0,0,0,0,0
2024-06-23,0,1,0,0,0,5.4,-5.2,2.72,5.0,0,0,0,0,0,0,0,0,0,0,0,0,0,0,0,0,0,0,0,0,0,0,0,0,0
2024-06-24,0,0,0,0,0,1.8,2.2,6.36,4.6,0,0,0,0,0,0,0,0,0,0,0,0,0,0,0,0,0,0,0,0,0,0,0,0,0
2024-06-25,0,0,0,0,0,4.5,-4.5,8.94,5.1,0,0,0,0,0,0,0,0,0,0,0,0,0,0,0,0,0,0,0,0,0,0,0,0,0
2024-06-26,0,0,0,0,0,7.4,-0.2,0.26,5.2,0,0,0,0,0,0,0,0,0,0,0,0,0,0,0,0,0,0,0,0,0,0,0,0,0
2024-06-27,0,0,0,0,0,10.4,-6.4,8.42,3.3,0,0,0,0,0,0,0,0,0,0,0,0,0,0,0,0,0,0,0,0,0,0,0,0,0
2024-06-28,0,0,0,0,0,4.4,-1.7,4.21,5.2,0,0,0,0,0,0,0,0,0,0,0,0,0,0,0,0,0,0,0,0,0,0,0,0,0
2024-06-29,0,1,0,0,0,9.0,-2.2,7.43,5.5,0,0,0,0,0,0,0,0,0,0,0,0,0,0,0,0,0,0,0,0,0,0,0,0,0
2024-06-30,0,1,0,0,0,7.2,0.8,7.05,5.3,0,0,0,0,0,0,0,0,0,0,0,0,0,0,0,0,0,0,0,0,0,0,0,0,0
2024-07-01,0,0,0,0,0,10.0,-0.3,1.29,3.7,0,0,0,0,0,0,0,0,0,0,0,0,0,0,0,0,0,0,0,0,0,0,0,0,0
2024-07-02,0,0,0,0,0,3.9,-5.4,22.88,5.0,0,0,0,0,0,0,0,0,0,0,0,0,0,0,0,0,0,0,0,0,0,0,0,0,0
2024-07-03,0,0,0,0,0,9.0,0.9,17.53,6.5,0,0,0,0,0,0,0,0,0,0,0,0,0,0,0,0,0,0,0,0,0,0,0,0,0
2024-07-04,0,0,0,0,0,7.5,-8.5,1.06,5.3,0,0,0,0,0,0,0,0,0,0,0,0,0,0,0,0,0,0,0,0,0,0,0,0,0
2024-07-05,0,0,0,0,0,6.9,1.3,10.91,4.4,0,0,0,0,0,0,0,0,0,0,0,0,0,0,0,0,0,0,0,0,0,0,0,0,0
2024-07-06,0,1,0,0,0,9.2,-1.4,1.6,5.6,0,0,0,0,0,0,0,0,0,0,0,0,0,0,0,0,0,0,0,0,0,0,0,0,0
2024-07-07,0,1,0,0,0,9.3,0.5,0.32,4.6,0,0,0,0,0,0,0,0,0,0,0,0,0,0,0,0,0,0,0,0,0,0,0,0,0
2024-07-08,0,0,0,0,0,8.0,4.3,11.89,5.1,0,0,0,0,0,0,0,0,0,0,0,0,0,0,0,0,0,0,0,0,0,0,0,0,0
2024-07-09,0,0,0,0,0,1.4,-2.7,0.85,5.8,0,0,0,0,0,0,0,0,0,0,0,0,0,0,0,0,0,0,0,0,0,0,0,0,0
2024-07-10,0,0,0,0,0,4.9,-4.4,12.3,5.8,0,0,0,0,0,0,0,0,0,0,0,0,0,0,0,0,0,0,0,0,0,0,0,0,0
2024-07-11,0,0,0,0,0,10.0,0.8,5.09,2.9,0,0,0,0,0,0,0,0,0,0,0,0,0,0,0,0,0,0,0,0,0,0,0,0,0
2024-07-12,0,0,0,0,0,6.1,-0.8,2.03,3.3,0,0,0,0,0,0,0,0,0,0,0,0,0,0,0,0,0,0,0,0,0,0,0,0,0
2024-07-13,0,1,0,0,0,3.4,-5.1,7.92,5.8,0,0,0,0,0,0,0,0,0,0,0,0,0,0,0,0,0,0,0,0,0,0,0,0,0
2024-07-14,0,1,0,0,0,7.5,-3.1,9.19,3.9,0,0,0,0,0,0,0,0,0,0,0,0,0,0,0,0,0,0,0,0,0,0,0,0,0
2024-07-15,0,0,0,0,0,4.6,-6.1,0.35,6.0,0,0,0,0,0,0,0,0,0,0,0,0,0,0,0,0,0,0,0,0,0,0,0,0,0
2024-07-16,0,0,0,0,0,7.5,0.6,6.16,5.8,0,0,0,0,0,0,0,0,0,0,0,0,0,0,0,0,0,0,0,0,0,0,0,0,0
2024-07-17,0,0,0,0,0,6.9,3.3,8.34,2.9,0,0,0,0,0,0,0,0,0,0,0,0,0,0,0,0,0,0,0,0,0,0,0,0,0
2024-07-18,0,0,0,0,0,6.4,-1.9,1.94,4.9,0,0,0,0,0,0,0,0,0,0,0,0,0,0,0,0,0,0,0,0,0,0,0,0,0
2024-07-19,0,0,0,0,0,8.1,-1.2,1.18,3.6,0,0,0,0,0,0,0,0,0,0,0,0,0,0,0,0,0,0,0,0,0,0,0,0,0
2024-07-20,0,1,0,0,0,6.1,3.5,7.3,2.3,0,0,0,0,0,0,0,0,0,0,0,0,0,0,0,0,0,0,0,0,0,0,0,0,0
2024-07-21,0,1,0,0,0,3.4,-3.9,1.38,3.7,0,0,0,0,0,0,0,0,0,0,0,0,0,0,0,0,0,0,0,0,0,0,0,0,0
2024-07-22,0,0,0,0,0,7.5,-6.3,2.03,4.7,0,0,0,0,0,0,0,0,0,0,0,0,0,0,0,0,0,0,0,0,0,0,0,0,0
2024-07-23,0,0,0,0,0,5.7,-0.9,0.47,4.7,0,0,0,0,0,0,0,0,0,0,0,0,0,0,0,0,0,0,0,0,0,0,0,0,0
2024-07-24,0,0,0,0,0,8.4,-1.4,0.58,6.5,0,0,0,0,0,0,0,0,0,0,0,0,0,0,0,0,0,0,0,0,0,0,0,0,0
2024-07-25,0,0,0,0,0,3.9,2.8,0.09,5.5,0,0,0,0,0,0,0,0,0,0,0,0,0,0,0,0,0,0,0,0,0,0,0,0,0
2024-07-26,0,0,0,0,0,10.8,2.3,5.61,3.1,0,0,0,0,0,0,0,0,0,0,0,0,0,0,0,0,0,0,0,0,0,0,0,0,0
2024-07-27,0,1,0,0,0,10.7,-4.1,17.45,4.8,0,0,0,0,0,0,0,0,0,0,0,0,0,0,0,0,0,0,0,0,0,0,0,0,0
2024-07-28,0,1,0,0,0,8.5,-2.0,5.26,5.7,0,0,0,0,0,0,0,0,0,0,0,0,0,0,0,0,0,0,0,0,0,0,0,0,0
2024-07-29,0,0,0,0,0,6.9,2.1,5.19,4.4,0,0,0,0,0,0,0,0,0,0,0,0,0,0,0,0,0,0,0,0,0,0,0,0,0
2024-07-30,0,0,0,0,0,2.6,-2.5,18.72,5.8,0,0,0,0,0,0,0,0,0,0,0,0,0,0,0,0,0,0,0,0,0,0,0,0,0
2024-07-31,0,0,0,0,0,9.1,-2.6,22.31,3.2,0,0,0,0,0,0,0,0,0,0,0,0,0,0,0,0,0,0,0,0,0,0,0,0,0
2024-08-01,0,0,0,0,0,6.9,-4.3,8.15,4.3,0,0,0,0,0,0,0,0,0,0,0,0,0,0,0,0,0,0,0,0,0,0,0,0,0
2024-08-02,0,0,0,0,0,6.0,0.7,7.58,2.5,0,0,0,0,0,0,0,0,0,0,0,0,0,0,0,0,0,0,0,0,0,0,0,0,0
2024-08-03,0,1,0,0,0,6.9,-1.8,5.59,2.9,0,0,0,0,0,0,0,0,0,0,0,0,0,0,0,0,0,0,0,0,0,0,0,0,0
2024-08-04,0,1,0,0,0,5.6,0.1,1.3,4.8,0,0,0,0,0,0,0,0,0,0,0,0,0,0,0,0,0,0,0,0,0,0,0,0,0
2024-08-05,0,0,0,0,0,8.7,-1.0,0.08,3.5,0,0,0,0,0,0,0,0,0,0,0,0,0,0,0,0,0,0,0,0,0,0,0,0,0
2024-08-06,0,0,0,0,0,4.2,-4.2,0.38,3.5,0,0,0,0,0,0,0,0,0,0,0,0,0,0,0,0,0,0,0,0,0,0,0,0,0
2024-08-07,0,0,0,0,0,5.9,2.9,5.44,3.7,0,0,0,0,0,0,0,0,0,0,0,0,0,0,0,0,0,0,0,0,0,0,0,0,0
2024-08-08,0,0,0,0,0,8.2,-1.7,15.7,5.0,0,0,0,0,0,0,0,0,0,0,0,0,0,0,0,0,0,0,0,0,0,0,0,0,0
2024-08-09,0,0,0,0,0,7.2,-6.7,5.57,5.5,0,0,0,0,0,0,0,0,0,0,0,0,0,0,0,0,0,0,0,0,0,0,0,0,0
2024-08-10,0,1,0,0,0,4.2,0.1,2.68,4.5,0,0,0,0,0,0,0,0,0,0,0,0,0,0,0,0,0,0,0,0,0,0,0,0,0
2024-08-11,0,1,0,0,0,8.7,-2.3,4.46,3.5,0,0,0,0,0,0,0,0,0,0,0,0,0,0,0,0,0,0,0,0,0,0,0,0,0
2024-08-12,0,0,0,0,0,7.2,-7.0,8.91,5.3,0,0,0,0,0,0,0,0,0,0,0,0,0,0,0,0,0,0,0,0,0,0,0,0,0
2024-08-13,0,0,0,0,0,3.9,3.4,1.64,3.7,0,0,0,0,0,0,0,0,0,0,0,0,0,0,0,0,0,0,0,0,0,0,0,0,0
2024-08-14,0,0,0,0,0,12.0,2.0,15.75,3.5,0,0,0,0,0,0,0,0,0,0,0,0,0,0,0,0,0,0,0,0,0,0,0,0,0
2024-08-15,0,0,0,0,0,0.5,-4.7,0.13,4.4,0,0,0,0,0,0,0,0,0,0,0,0,0,0,0,0,0,0,0,0,0,0,0,0,0
2024-08-16,0,0,0,0,0,5.7,-9.2,14.89,3.6,0,0,0,0,0,0,0,0,0,0,0,0,0,0,0,0,0,0,0,0,0,0,0,0,0
2024-08-17,0,1,0,0,0,4.4,-2.8,2.99,2.9,0,0,0,0,0,0,0,0,0,0,0,0,0,0,0,0,0,0,0,0,0,0,0,0,0
2024-08-18,0,1,0,0,0,4.6,-1.3,0.41,4.0,0,0,0,0,0,0,0,0,0,0,0,0,0,0,0,0,0,0,0,0,0,0,0,0,0
2024-08-19,0,0,0,0,0,2.1,-2.3,12.01,5.1,0,0,0,0,0,0,0,0,0,0,0,0,0,0,0,0,0,0,0,0,0,0,0,0,0
2024-08-20,0,0,0,0,0,4.1,-1.2,2.08,3.6,0,0,0,0,0,0,0,0,0,0,0,0,0,0,0,0,0,0,0,0,0,0,0,0,0
2024-08-21,0,0,0,0,0,-0.0,-3.9,4.28,2.7,0,0,0,0,0,0,0,0,0,0,0,0,0,0,0,0,0,0,0,0,0,0,0,0,0
2024-08-22,0,0,0,0,0,6.2,-8.4,2.05,5.0,0,0,0,0,0,0,0,0,0,0,0,0,0,0,0,0,0,0,0,0,0,0,0,0,0
2024-08-23,0,0,0,0,0,0.5,-8.0,3.91,4.1,0,0,0,0,0,0,0,0,0,0,0,0,0,0,0,0,0,0,0,0,0,0,0,0,0
2024-08-24,0,1,0,0,0,5.0,-7.3,1.19,7.9,0,0,0,0,0,0,0,0,0,0,0,0,0,0,0,0,0,0,0,0,0,0,0,0,0
2024-08-25,0,1,0,0,0,6.8,-3.7,10.01,4.8,0,0,0,0,0,0,0,0,0,0,0,0,0,0,0,0,0,0,0,0,0,0,0,0,0
2024-08-26,0,0,0,0,0,10.3,-3.3,0.96,3.0,0,0,0,0,0,0,0,0,0,0,0,0,0,0,0,0,0,0,0,0,0,0,0,0,0
2024-08-27,0,0,0,0,0,5.5,-8.3,6.46,3.8,0,0,0,0,0,0,0,0,0,0,0,0,0,0,0,0,0,0,0,0,0,0,0,0,0
2024-08-28,0,0,0,0,0,6.6,-6.4,3.93,5.4,0,0,0,0,0,0,0,0,0,0,0,0,0,0,0,0,0,0,0,0,0,0,0,0,0
2024-08-29,0,0,0,0,0,4.8,-6.6,2.36,4.0,0,0,0,0,0,0,0,0,0,0,0,0,0,0,0,0,0,0,0,0,0,0,0,0,0
2024-08-30,0,0,0,0,0,10.6,-6.9,1.51,4.8,0,0,0,0,0,0,0,0,0,0,0,0,0,0,0,0,0,0,0,0,0,0,0,0,0
2024-08-31,0,1,0,0,0,1.4,-6.6,1.43,5.5,0,0,0,0,0,0,0,0,0,0,0,0,0,0,0,0,0,0,0,0,0,0,0,0,0
2024-09-01,0,1,0,0,0,-1.8,-0.1,4.15,2.0,0,0,0,0,0,0,0,0,0,0,0,0,0,0,0,0,0,0,0,0,0,0,0,0,0
2024-09-02,0,0,0,0,0,5.9,-3.3,1.0,1.1,0,0,0,0,0,0,0,0,0,0,0,0,0,0,0,0,0,0,0,0,0,0,0,0,0
2024-09-03,0,0,0,0,0,3.5,-6.8,4.01,5.4,0,0,0,0,0,0,0,0,0,0,0,0,0,0,0,0,0,0,0,0,0,0,0,0,0
2024-09-04,0,0,0,0,0,-0.4,-6.3,0.65,3.2,0,0,0,0,0,0,0,0,0,0,0,0,0,0,0,0,0,0,0,0,0,0,0,0,0
2024-09-05,0,0,0,0,0,-0.9,-8.5,2.6,5.0,0,0,0,0,0,0,0,0,0,0,0,0,0,0,0,0,0,0,0,0,0,0,0,0,0
2024-09-06,0,0,0,0,0,2.4,-7.9,3.68,3.9,0,0,0,0,0,0,0,0,0,0,0,0,0,0,0,0,0,0,0,0,0,0,0,0,0
2024-09-07,0,1,0,0,0,9.5,-7.9,5.12,2.9,0,0,0,0,0,0,0,0,0,0,0,0,0,0,0,0,0,0,0,0,0,0,0,0,0
2024-09-08,0,1,0,0,0,4.0,-11.2,0.05,4.5,0,0,0,0,0,0,0,0,0,0,0,0,0,0,0,0,0,0,0,0,0,0,0,0,0
2024-09-09,0,0,0,0,0,2.4,-2.9,9.48,4.6,0,0,0,0,0,0,0,0,0,0,0,0,0,0,0,0,0,0,0,0,0,0,0,0,0
2024-09-10,0,0,0,0,0,0.4,-14.7,7.97,2.6,0,0,0,0,0,0,0,0,0,0,0,0,0,0,0,0,0,0,0,0,0,0,0,0,0
2024-09-11,0,0,0,0,0,-1.6,-9.3,2.48,4.1,0,0,0,0,0,0,0,0,0,0,0,0,0,0,0,0,0,0,0,0,0,0,0,0,0
2024-09-12,0,0,0,0,0,3.4,-9.7,3.92,3.4,0,0,0,0,0,0,0,0,0,0,0,0,0,0,0,0,0,0,0,0,0,0,0,0,0
2024-09-13,0,0,0,0,0,3.9,-8.5,2.84,3.5,0,0,0,0,0,0,0,0,0,0,0,0,0,0,0,0,0,0,0,0,0,0,0,0,0
2024-09-14,0,1,0,0,0,-2.0,-12.6,2.14,3.4,0,0,0,0,0,0,0,0,0,0,0,0,0,0,0,0,0,0,0,0,0,0,0,0,0
2024-09-15,0,1,1,0,0,-2.0,-10.2,6.33,1.5,0,0,0,0,0,0,0,0,0,0,0,0,0,0,0,0,0,0,0,0,0,0,0,0,0
2024-09-16,0,0,1,0,0,2.5,-6.1,0.04,4.9,0,0,0,0,0,0,0,0,0,0,0,0,0,0,0,0,0,0,0,0,0,0,0,0,0
2024-09-17,0,0,1,0,0,-1.2,-13.6,7.95,4.1,0,0,0,0,0,0,0,0,0,0,0,0,0,0,0,0,0,0,0,0,0,0,0,0,0
2024-09-18,0,0,1,0,0,3.6,-9.6,0.33,4.6,0,0,0,0,0,0,0,0,0,0,0,0,0,0,0,0,0,0,0,0,0,0,0,0,0
2024-09-19,0,0,1,0,0,1.0,-6.3,7.82,5.0,0,0,0,0,0,0,0,0,0,0,0,0,0,0,0,0,0,0,0,0,0,0,0,0,0
2024-09-20,0,0,0,0,0,-1.2,-14.4,5.32,5.7,0,0,0,0,0,0,0,0,0,0,0,0,0,0,0,0,0,0,0,0,0,0,0,0,0
2024-09-21,0,1,0,0,0,-3.0,-9.1,10.5,3.5,0,0,0,0,0,0,0,0,0,0,0,0,0,0,0,0,0,0,0,0,0,0,0,0,0
2024-09-22,0,1,0,0,0,-1.2,-10.4,6.7,6.1,0,0,0,0,0,0,0,0,0,0,0,0,0,0,0,0,0,0,0,0,0,0,0,0,0
2024-09-23,0,0,0,0,0,-1.6,-8.6,4.69,5.2,0,0,0,0,0,0,0,0,0,0,0,0,0,0,0,0,0,0,0,0,0,0,0,0,0
2024-09-24,0,0,0,0,0,-6.1,-12.3,5.86,3.0,0,0,0,0,0,0,0,0,0,0,0,0,0,0,0,0,0,0,0,0,0,0,0,0,0
2024-09-25,0,0,0,0,0,-5.9,-14.3,1.12,3.1,0,0,0,0,0,0,0,0,0,0,0,0,0,0,0,0,0,0,0,0,0,0,0,0,0
2024-09-26,0,0,0,0,0,-3.4,-10.1,3.24,2.9,0,0,0,0,0,0,0,0,0,0,0,0,0,0,0,0,0,0,0,0,0,0,0,0,0
2024-09-27,0,0,0,0,0,-1.7,-8.3,7.24,5.2,0,0,0,0,0,0,0,0,0,0,0,0,0,0,0,0,0,0,0,0,0,0,0,0,0
2024-09-28,0,1,0,0,0,-6.7,-10.4,1.39,4.2,0,0,0,0,0,0,0,0,0,0,0,0,0,0,0,0,0,0,0,0,0,0,0,0,0
2024-09-29,0,1,0,0,0,-7.2,-11.8,0.95,2.9,0,0,0,0,0,0,0,0,0,0,0,0,0,0,0,0,0,0,0,0,0,0,0,0,0
2024-09-30,0,0,0,0,0,-1.9,-16.8,4.03,5.0,0,0,0,0,0,0,0,0,0,0,0,0,0,0,0,0,0,0,0,0,0,0,0,0,0
2024-10-01,0,0,1,0,0,-2.6,-17.7,6.32,4.7,0,0,0,0,0,0,0,0,0,0,0,0,0,0,0,0,0,0,0,0,0,0,0,0,0
2024-10-02,0,0,1,0,0,-0.2,-17.1,2.48,4.3,0,0,0,0,0,0,0,0,0,0,0,0,0,0,0,0,0,0,0,0,0,0,0,0,0
2024-10-03,0,0,1,0,0,-4.5,-19.3,1.7,3.6,0,0,0,0,0,0,0,0,0,0,0,0,0,0,0,0,0,0,0,0,0,0,0,0,0
2024-10-04,0,0,1,0,0,-5.9,-12.9,24.01,4.3,0,0,0,0,0,0,0,0,0,0,0,0,0,0,0,0,0,0,0,0,0,0,0,0,0
2024-10-05,0,1,1,0,0,-3.9,-14.2,0.3,2.0,0,0,0,0,0,0,0,0,0,0,0,0,0,0,0,0,0,0,0,0,0,0,0,0,0
2024-10-06,0,1,1,0,0,-8.0,-12.0,6.98,2.6,0,0,0,0,0,0,0,0,0,0,0,0,0,0,0,0,0,0,0,0,0,0,0,0,0
2024-10-07,0,0,1,0,0,-6.0,-16.5,6.45,3.7,0,0,0,0,0,0,0,0,0,0,0,0,0,0,0,0,0,0,0,0,0,0,0,0,0
2024-10-08,0,0,0,0,0,-4.2,-21.5,4.44,4.6,0,0,0,0,0,0,0,0,0,0,0,0,0,0,0,0,0,0,0,0,0,0,0,0,0
2024-10-09,0,0,0,0,0,-5.3,-12.3,3.44,5.1,0,0,0,0,0,0,0,0,0,0,0,0,0,0,0,0,0,0,0,0,0,0,0,0,0
2024-10-10,0,0,0,0,0,-5.7,-13.7,3.64,4.0,0,0,0,0,0,0,0,0,0,0,0,0,0,0,0,0,0,0,0,0,0,0,0,0,0
2024-10-11,0,0,0,0,0,-8.0,-16.8,5.01,5.7,0,0,0,0,0,0,0,0,0,0,0,0,0,0,0,0,0,0,0,0,0,0,0,0,0
2024-10-12,0,1,0,0,0,-8.9,-21.3,3.67,4.2,0,0,0,0,0,0,0,0,0,0,0,0,0,0,0,0,0,0,0,0,0,0,0,0,0
2024-10-13,0,1,0,0,0,-5.6,-23.8,3.61,4.8,0,0,0,0,0,0,0,0,0,0,0,0,0,0,0,0,0,0,0,0,0,0,0,0,0
2024-10-14,0,0,0,0,0,-9.8,-18.0,4.46,2.5,0,0,0,0,0,0,0,0,0,0,0,0,0,0,0,0,0,0,0,0,0,0,0,0,0
2024-10-15,0,0,0,0,0,-2.2,-13.6,4.71,3.8,0,0,0,0,0,0,0,0,0,0,0,0,0,0,0,0,0,0,0,0,0,0,0,0,0
2024-10-16,0,0,0,0,0,-5.7,-22.3,0.66,5.2,0,0,0,0,0,0,0,0,0,0,0,0,0,0,0,0,0,0,0,0,0,0,0,0,0
2024-10-17,0,0,0,0,0,-6.9,-13.6,2.35,2.7,0,0,0,0,0,0,0,0,0,0,0,0,0,0,0,0,0,0,0,0,0,0,0,0,0
2024-10-18,0,0,0,0,0,-7.5,-16.1,0.71,5.6,0,0,0,0,0,0,0,0,0,0,0,0,0,0,0,0,0,0,0,0,0,0,0,0,0
2024-10-19,0,1,0,0,0,-7.9,-16.7,12.33,4.3,0,0,0,0,0,0,0,0,0,0,0,0,0,0,0,0,0,0,0,0,0,0,0,0,0
2024-10-20,0,1,0,0,0,-0.3,-22.5,1.94,4.0,0,0,0,0,0,0,0,0,0,0,0,0,0,0,0,0,0,0,0,0,0,0,0,0,0
2024-10-21,0,0,0,0,0,-8.6,-23.3,3.27,3.4,0,0,0,0,0,0,0,0,0,0,0,0,0,0,0,0,0,0,0,0,0,0,0,0,0
2024-10-22,0,0,0,0,0,-6.7,-25.3,0.2,3.6,0,0,0,0,0,0,0,0,0,0,0,0,0,0,0,0,0,0,0,0,0,0,0,0,0
2024-10-23,0,0,0,0,0,-9.7,-21.8,7.8,2.7,0,0,0,0,0,0,0,0,0,0,0,0,0,0,0,0,0,0,0,0,0,0,0,0,0
2024-10-24,0,0,0,0,0,-8.1,-19.7,0.86,4.4,0,0,0,0,0,0,0,0,0,0,0,0,0,0,0,0,0,0,0,0,0,0,0,0,0
2024-10-25,0,0,0,0,0,-8.1,-23.4,21.2,2.9,0,0,0,0,0,0,0,0,0,0,0,0,0,0,0,0,0,0,0,0,0,0,0,0,0
2024-10-26,0,1,0,0,0,-10.9,-20.4,2.23,3.0,0,0,0,0,0,0,0,0,0,0,0,0,0,0,0,0,0,0,0,0,0,0,0,0,0
2024-10-27,0,1,0,0,0,-12.0,-22.1,0.26,2.7,0,0,0,0,0,0,0,0,0,0,0,0,0,0,0,0,0,0,0,0,0,0,0,0,0
2024-10-28,0,0,0,0,0,-13.7,-23.8,2.21,3.0,0,0,0,0,0,0,0,0,0,0,0,0,0,0,0,0,0,0,0,0,0,0,0,0,0
2024-10-29,0,0,0,0,0,-12.7,-23.0,12.52,3.3,0,0,0,0,0,0,0,0,0,0,0,0,0,0,0,0,0,0,0,0,0,0,0,0,0
2024-10-30,0,0,0,0,0,-13.5,-27.5,5.49,2.1,0,0,0,0,0,0,0,0,0,0,0,0,0,0,0,0,0,0,0,0,0,0,0,0,0
2024-10-31,0,0,0,0,0,-13.9,-25.8,1.01,3.1,0,0,0,0,0,0,0,0,0,0,0,0,0,0,0,0,0,0,0,0,0,0,0,0,0
2024-11-01,7644,0,0,0,1,-16.1,-18.9,0.22,4.2,2135,0,45,0,0,0,0,7,37,0,164,424,650,863,906,885,719,689,554,541,330,298,226,182,124
2024-11-02,9135,1,0,0,1,-10.9,-19.9,6.61,4.0,4955,56,0,0,0,34,0,0,48,25,232,483,788,987,1132,985,860,878,631,597,463,360,292,141,143
2024-11-03,11051,1,0,0,1,-16.7,-19.1,0.5,2.0,3863,0,56,0,74,81,12,0,0,106,194,525,987,1254,1364,1192,1116,929,765,771,499,393,239,281,213
2024-11-04,7626,0,0,0,1,-11.4,-19.7,0.54,1.0,2049,0,50,0,0,0,0,49,0,33,182,373,678,822,918,937,788,667,606,451,320,266,207,152,127
2024-11-05,9103,0,0,0,1,-11.1,-24.0,2.25,1.0,3803,0,0,0,0,0,32,0,15,13,135,485,867,990,1144,996,954,784,711,603,519,349,210,112,184
2024-11-06,7959,0,0,0,1,-13.6,-19.8,0.86,3.2,3520,20,53,0,13,22,0,43,55,86,184,398,670,910,869,931,800,713,642,480,367,257,225,125,96
2024-11-07,7266,0,0,0,1,-17.7,-26.0,8.38,3.8,2035,52,0,0,0,0,18,28,28,44,186,423,663,725,800,778,723,624,517,501,397,328,190,162,79
2024-11-08,7835,0,0,0,1,-16.0,-26.4,1.32,4.9,2146,28,3,0,0,0,11,0,0,0,157,466,664,863,941,925,798,691,588,542,367,282,168,191,150
2024-11-09,11320,1,0,0,1,-17.5,-24.6,1.94,5.3,3575,5,0,0,12,0,78,57,86,12,307,602,979,1149,1262,1331,1110,957,859,682,573,422,393,281,163
2024-11-10,10250,1,0,0,1,-19.2,-29.3,5.05,2.1,3264,0,55,0,0,49,52,0,0,18,271,493,978,1140,1228,1085,1005,893,702,681,580,413,337,132,138
2024-11-11,8143,0,0,0,1,-18.0,-24.9,8.5,2.7,2613,6,0,43,41,14,0,0,0,22,153,475,761,848,984,904,777,783,556,524,367,379,254,129,123
2024-11-12,8443,0,0,0,1,-16.2,-24.9,8.22,3.7,3174,0,33,4,23,0,30,43,0,86,172,506,743,904,1069,928,882,750,629,518,428,311,189,136,59
2024-11-13,8373,0,0,0,1,-17.8,-21.7,1.27,4.6,3678,0,38,0,66,0,13,21,25,0,227,420,774,889,993,974,831,712,587,536,455,390,196,154,72
2024-11-14,7771,0,0,0,1,-14.9,-29.9,0.79,4.0,3382,0,0,0,9,0,0,10,0,74,130,369,708,839,997,896,746,723,552,553,371,316,176,145,157
2024-11-15,7427,0,0,0,1,-14.2,-28.5,0.75,3.2,2358,44,0,0,30,0,0,0,0,24,154,373,687,866,947,825,711,650,548,479,398,248,170,137,136
2024-11-16,10150,1,0,0,1,-19.8,-25.4,0.87,2.2,3871,26,50,27,50,0,0,37,0,75,159,471,955,1020,1256,1197,1022,903,744,691,455,385,311,181,135
2024-11-17,9578,1,0,0,1,-22.3,-25.1,5.46,4.5,4344,0,47,0,57,72,0,0,39,9,239,449,776,1087,1146,1114,898,858,707,616,489,380,266,151,178
2024-11-18,8444,0,0,0,1,-20.0,-25.3,0.76,5.0,2480,0,0,14,47,0,31,0,0,101,147,463,700,880,997,915,869,756,645,509,398,363,319,109,181
2024-11-19,8677,0,0,0,1,-11.3,-22.8,1.95,1.3,3761,0,0,29,0,3,27,54,40,67,196,532,743,874,1007,947,879,790,655,491,460,318,279,179,107
2024-11-20,7615,0,0,0,1,-16.5,-30.2,1.43,4.4,2083,0,25,0,0,0,4,42,55,46,154,368,692,824,940,863,730,636,549,446,341,364,221,156,159
2024-11-21,7395,0,0,0,1,-14.5,-29.9,1.01,5.3,2857,0,0,15,0,9,22,23,29,80,146,430,674,770,836,819,727,674,591,441,323,348,174,144,120
2024-11-22,6680,0,0,0,1,-17.5,-31.0,0.16,3.5,2397,0,14,33,0,0,19,0,0,44,173,395,601,749,785,772,655,560,515,434,314,306,147,112,52
2024-11-23,12206,1,0,0,1,-15.0,-26.3,1.09,2.1,5831,0,84,0,0,16,90,0,0,29,243,600,1120,1429,1454,1365,1192,1015,982,770,583,515,352,271,96
2024-11-24,10332,1,0,0,1,-17.8,-27.7,0.44,6.2,4467,0,0,0,0,38,0,0,8,67,269,584,909,1192,1262,1124,1049,1002,761,641,460,357,300,223,86
2024-11-25,7742,0,0,0,1,-17.5,-25.5,0.22,6.0,3218,33,0,52,0,44,56,0,26,0,138,413,683,876,931,859,786,728,504,544,324,337,198,105,105
2024-11-26,7319,0,0,0,1,-14.0,-33.1,0.15,4.3,2390,0,0,0,36,37,9,0,34,41,178,405,670,791,841,877,714,650,500,475,362,248,162,153,136
2024-11-27,6737,0,0,0,1,-18.4,-34.2,2.86,3.1,1904,0,0,0,0,0,1,0,0,71,98,378,570,709,840,798,729,625,566,397,299,224,171,142,119
2024-11-28,7154,0,0,0,1,-16.6,-31.2,0.21,3.1,1964,2,0,0,56,21,51,0,0,42,95,338,667,807,862,826,709,592,520,430,313,340,227,170,86
2024-11-29,6892,0,0,0,1,-20.9,-34.1,0.26,3.8,2656,4,0,44,0,0,0,29,52,5,171,398,565,715,782,819,626,625,477,453,321,272,233,164,137
2024-11-30,8885,1,0,0,1,-20.5,-29.7,0.38,4.7,3534,68,0,24,0,0,0,62,52,99,240,434,757,973,1045,982,844,790,658,514,428,352,268,132,163
2024-12-01,0,1,0,0,1,-20.1,-30.5,2.28,1.3,0,0,0,0,0,0,0,0,0,0,0,0,0,0,0,0,0,0,0,0,0,0,0,0,0
2024-12-02,0,0,0,0,1,-14.5,-28.7,2.38,4.0,0,0,0,0,0,0,0,0,0,0,0,0,0,0,0,0,0,0,0,0,0,0,0,0,0
2024-12-03,0,0,0,0,1,-20.1,-34.1,0.45,5.4,0,0,0,0,0,0,0,0,0,0,0,0,0,0,0,0,0,0,0,0,0,0,0,0,0
2024-12-04,0,0,0,0,1,-19.8,-36.5,0.01,1.0,0,0,0,0,0,0,0,0,0,0,0,0,0,0,0,0,0,0,0,0,0,0,0,0,0
2024-12-05,0,0,0,0,1,-20.0,-29.2,0.28,2.1,0,0,0,0,0,0,0,0,0,0,0,0,0,0,0,0,0,0,0,0,0,0,0,0,0
2024-12-06,0,0,0,0,1,-14.2,-28.8,0.75,4.3,0,0,0,0,0,0,0,0,0,0,0,0,0,0,0,0,0,0,0,0,0,0,0,0,0
2024-12-07,0,1,0,0,1,-17.5,-30.8,3.16,4.7,0,0,0,0,0,0,0,0,0,0,0,0,0,0,0,0,0,0,0,0,0,0,0,0,0
2024-12-08,0,1,0,0,1,-22.2,-27.0,3.46,1.6,0,0,0,0,0,0,0,0,0,0,0,0,0,0,0,0,0,0,0,0,0,0,0,0,0
2024-12-09,0,0,0,0,1,-22.9,-34.3,0.4,3.8,0,0,0,0,0,0,0,0,0,0,0,0,0,0,0,0,0,0,0,0,0,0,0,0,0
2024-12-10,0,0,0,0,1,-15.6,-36.7,1.33,3.2,0,0,0,0,0,0,0,0,0,0,0,0,0,0,0,0,0,0,0,0,0,0,0,0,0
2024-12-11,0,0,0,0,1,-24.1,-34.3,0.71,4.7,0,0,0,0,0,0,0,0,0,0,0,0,0,0,0,0,0,0,0,0,0,0,0,0,0
2024-12-12,0,0,0,0,1,-18.5,-32.7,1.14,4.6,0,0,0,0,0,0,0,0,0,0,0,0,0,0,0,0,0,0,0,0,0,0,0,0,0
2024-12-13,0,0,0,0,1,-18.6,-35.4,2.88,2.8,0,0,0,0,0,0,0,0,0,0,0,0,0,0,0,0,0,0,0,0,0,0,0,0,0
2024-12-14,0,1,0,0,1,-22.9,-34.1,2.65,5.6,0,0,0,0,0,0,0,0,0,0,0,0,0,0,0,0,0,0,0,0,0,0,0,0,0
2024-12-15,0,1,0,0,1,-24.3,-30.4,1.91,2.1,0,0,0,0,0,0,0,0,0,0,0,0,0,0,0,0,0,0,0,0,0,0,0,0,0
2024-12-16,0,0,0,0,1,-21.5,-31.2,0.48,3.9,0,0,0,0,0,0,0,0,0,0,0,0,0,0,0,0,0,0,0,0,0,0,0,0,0
2024-12-17,0,0,0,0,1,-23.0,-36.0,1.47,3.7,0,0,0,0,0,0,0,0,0,0,0,0,0,0,0,0,0,0,0,0,0,0,0,0,0
2024-12-18,0,0,0,0,1,-26.7,-33.1,0.49,5.4,0,0,0,0,0,0,0,0,0,0,0,0,0,0,0,0,0,0,0,0,0,0,0,0,0
2024-12-19,0,0,0,0,1,-20.1,-35.8,0.68,2.1,0,0,0,0,0,0,0,0,0,0,0,0,0,0,0,0,0,0,0,0,0,0,0,0,0
2024-12-20,0,0,0,0,1,-22.3,-33.1,0.6,3.6,0,0,0,0,0,0,0,0,0,0,0,0,0,0,0,0,0,0,0,0,0,0,0,0,0
2024-12-21,0,1,0,0,1,-21.5,-34.6,4.03,1.3,0,0,0,0,0,0,0,0,0,0,0,0,0,0,0,0,0,0,0,0,0,0,0,0,0
2024-12-22,0,1,0,0,1,-24.9,-33.8,0.15,2.1,0,0,0,0,0,0,0,0,0,0,0,0,0,0,0,0,0,0,0,0,0,0,0,0,0
2024-12-23,0,0,0,0,1,-22.2,-33.0,0.46,2.4,0,0,0,0,0,0,0,0,0,0,0,0,0,0,0,0,0,0,0,0,0,0,0,0,0
2024-12-24,6873,0,0,1,1,-22.5,-32.9,1.45,3.1,2605,1,0,0,32,38,0,48,0,50,126,298,478,543,701,723,825,755,682,504,437,263,151,155,63
2024-12-25,11634,0,0,1,1,-19.9,-35.1,0.23,3.3,3348,39,1,18,0,58,58,37,0,116,198,482,701,1017,1157,1215,1337,1298,1036,976,702,526,294,178,190
2024-12-26,9433,0,0,1,1,-25.3,-31.1,0.63,3.5,3054,0,0,3,0,56,0,1,0,118,102,309,631,807,920,1061,1173,981,981,768,547,413,243,224,95
2024-12-27,9885,0,0,1,1,-28.0,-31.5,6.81,4.0,3153,0,0,0,0,0,66,54,38,0,88,329,683,914,984,1084,1206,1071,976,816,632,386,224,277,57
2024-12-28,12011,1,0,1,1,-24.7,-34.6,2.01,2.2,5558,67,68,0,52,0,91,0,91,106,128,476,855,1064,1098,1399,1379,1198,1155,889,764,497,413,140,81
2024-12-29,13441,1,0,1,1,-25.7,-36.7,0.09,3.3,4903,0,81,87,0,0,0,97,0,23,158,500,804,1207,1267,1589,1537,1390,1436,1011,878,616,313,367,80
2024-12-30,11410,0,0,1,1,-22.8,-35.0,2.37,3.0,4608,79,74,58,70,0,0,0,0,37,178,393,775,907,1104,1310,1428,1296,1165,848,691,437,319,211,30
2024-12-31,11128,0,0,1,1,-22.3,-34.9,0.05,2.5,4891,0,45,0,83,0,47,0,22,0,101,512,781,993,1111,1319,1232,1170,1057,895,628,429,343,272,88
2025-01-01,17187,0,1,1,1,-24.5,-35.3,0.33,4.2,7883,0,91,0,0,84,0,0,108,43,316,571,1200,1447,1639,2069,2044,1909,1646,1312,1001,678,645,213,171
2025-01-02,18869,0,1,1,1,-25.8,-35.7,3.19,3.8,8657,15,10,0,0,122,0,0,76,44,409,806,1224,1676,1707,2044,2207,1943,1911,1595,1081,781,687,351,180
2025-01-03,22017,0,1,1,1,-24.4,-32.5,1.03,3.8,8317,120,0,101,152,42,83,105,119,71,168,829,1463,1818,2245,2433,2648,2266,2245,1742,1193,899,733,425,117
2025-01-04,21210,1,0,1,1,-22.1,-35.0,0.78,3.1,9550,0,0,0,0,0,157,0,53,215,326,710,1415,1785,2138,2460,2641,2292,2009,1698,1094,1059,493,355,310
2025-01-05,26388,1,0,1,1,-19.2,-38.0,0.78,2.5,12501,115,145,0,0,0,86,14,56,3,271,853,1624,2247,2764,3076,3120,3065,2706,2271,1580,1075,597,617,103
2025-01-06,16193,0,0,1,1,-28.0,-33.9,1.01,1.6,5278,29,120,58,108,67,23,0,42,111,265,636,1045,1315,1602,1760,2005,1677,1491,1261,999,703,422,334,120
2025-01-07,15622,0,0,1,1,-23.8,-38.0,1.61,3.0,4956,107,0,13,61,0,0,120,4,109,172,635,1021,1250,1498,1937,1852,1681,1600,1348,847,739,382,201,45
2025-01-08,14774,0,0,1,1,-25.6,-35.1,2.24,2.4,3811,0,17,16,0,0,0,0,0,133,323,683,1018,1245,1484,1604,1765,1571,1434,1210,812,605,529,185,140
2025-01-09,18923,0,0,1,1,-21.6,-34.3,0.95,2.1,7955,17,4,0,0,135,0,30,0,145,401,754,1080,1580,1909,2078,2318,2058,1948,1501,990,768,462,486,259
2025-01-10,24490,0,0,1,1,-20.8,-38.0,0.24,2.8,7228,45,0,0,0,0,188,0,0,6,468,941,1602,1876,2245,2768,3041,2818,2265,1955,1615,1048,855,343,411
2025-01-11,27260,1,0,1,1,-19.7,-38.0,3.34,1.9,13326,179,0,124,99,0,0,0,0,332,452,1137,1899,2171,2741,2980,3301,2743,2802,1974,1496,1284,740,568,238
2025-01-12,26432,1,0,1,1,-21.7,-37.5,0.07,2.7,8777,0,0,34,157,0,40,67,0,210,348,1028,1465,2259,2631,2761,3034,3018,2533,2053,1707,1243,803,635,406
2025-01-13,19746,0,0,1,1,-28.0,-38.0,0.59,2.1,7107,0,118,0,102,18,0,147,3,32,284,895,1211,1568,1841,2188,2447,2145,1872,1461,1122,1019,538,544,191
2025-01-14,24203,0,0,1,1,-25.0,-29.6,4.94,1.8,6942,0,0,102,0,0,39,0,0,222,167,1032,1665,1960,2349,2678,2773,2714,2483,1807,1444,1210,873,470,215
2025-01-15,17311,0,0,1,1,-27.3,-34.3,0.4,2.2,7785,0,21,0,0,0,2,0,0,0,204,820,1246,1423,1748,2110,1937,1987,1852,1269,943,905,528,211,105
2025-01-16,26533,0,0,1,1,-25.4,-29.4,1.59,5.4,8785,0,197,145,0,42,0,18,80,135,589,1077,1623,2304,2443,2918,3042,2809,2695,2056,1668,1192,708,643,149
2025-01-17,20736,0,0,1,1,-28.0,-34.9,0.36,0.0,9194,22,116,0,22,118,26,70,0,0,288,770,1424,1626,2160,2470,2331,2162,2137,1758,1188,847,611,462,128
2025-01-18,22466,1,0,1,1,-25.5,-35.4,0.52,2.9,8034,0,169,0,0,27,172,0,64,188,372,745,1512,1739,2264,2660,2572,2574,2062,1906,1323,902,538,607,70
2025-01-19,27000,1,0,1,1,-27.3,-36.7,1.17,1.7,9542,0,0,87,0,0,0,204,195,263,291,888,1666,2181,2687,3206,3384,3101,2624,2228,1530,1019,891,326,229
2025-01-20,18867,0,0,1,1,-27.2,-31.3,1.76,4.1,5825,0,67,57,145,0,48,32,124,0,355,767,1146,1579,1817,2171,2369,2075,1906,1499,986,760,557,316,91
2025-01-21,19629,0,0,1,1,-23.8,-38.0,0.36,1.7,8549,114,64,0,85,95,83,0,44,201,316,824,1252,1663,1801,2292,2205,2120,1881,1571,1053,935,675,284,71
2025-01-22,24446,0,0,1,1,-17.8,-38.0,0.14,4.1,10160,48,0,0,0,0,0,0,0,289,401,1087,1638,1888,2487,2670,2938,2575,2587,1826,1353,1243,536,554,326
2025-01-23,22103,0,0,1,1,-20.6,-33.4,1.27,3.4,9868,143,0,0,0,113,70,0,0,83,314,1017,1460,1780,2180,2346,2778,2339,2163,1686,1366,1033,726,353,153
2025-01-24,20219,0,0,1,1,-26.3,-33.7,0.05,4.2,8657,0,0,0,54,102,0,0,107,219,216,812,1196,1566,2123,2392,2484,2047,2101,1573,1144,911,467,480,225
2025-01-25,25392,1,0,1,1,-25.3,-36.2,0.25,3.2,11713,0,29,127,0,0,38,0,0,219,425,1033,1724,2198,2385,2819,2864,2605,2574,2146,1687,1178,624,342,375
2025-01-26,37105,1,0,1,1,-20.0,-29.1,1.87,4.0,12111,206,0,82,0,269,0,46,0,308,360,1315,2387,3370,3508,4020,4579,4046,3920,2734,2292,1497,901,843,422
2025-01-27,42615,0,1,1,1,-20.4,-37.1,0.73,3.3,15233,0,44,0,284,0,270,0,107,492,414,2031,2747,3940,4397,4782,4928,4570,3998,3177,2295,1871,1485,609,174
2025-01-28,46443,0,1,1,1,-22.0,-38.0,0.13,2.4,21374,125,129,90,0,0,0,276,49,455,1009,1528,3005,3876,4754,5420,5441,4675,4626,3254,2847,2276,1241,975,392
2025-01-29,35313,0,1,1,1,-25.3,-38.0,1.78,3.2,16149,0,0,231,74,124,0,123,0,105,597,1203,2460,2831,3591,3979,4270,3636,3235,3034,1974,1757,1332,539,218
2025-01-30,35680,0,1,1,1,-23.2,-33.8,3.09,4.8,12809,261,0,0,0,0,177,0,0,87,797,1478,2237,2800,3788,4230,4094,3624,3265,2598,2154,1822,1052,895,321
2025-01-31,38051,0,1,1,1,-20.6,-31.3,0.24,4.7,11781,20,298,0,189,0,178,57,232,134,626,1580,2392,2979,3512,4030,4742,3974,3583,3147,2146,1694,924,1027,587
2025-02-01,55720,1,1,1,1,-20.2,-35.1,1.81,3.1,22873,0,0,191,0,203,0,274,77,20,591,2304,3850,4583,5267,6623,6734,5981,5468,4124,3398,2341,2078,1078,535
2025-02-02,45639,1,1,1,1,-22.9,-31.7,2.04,5.1,20086,0,0,0,300,0,327,23,95,257,410,1722,2654,3940,4492,5422,5234,4740,4462,3933,2870,1979,1371,604,804
2025-02-03,37934,0,1,1,1,-20.3,-37.8,1.12,3.6,14107,166,104,68,235,0,0,0,292,121,702,1611,2266,3032,3620,4261,4354,3838,3979,3281,2156,1591,829,858,570
2025-02-04,34491,0,1,1,1,-23.7,-34.6,2.0,2.5,15006,0,142,164,0,236,0,143,0,375,710,1102,2376,2977,3454,3638,4132,3816,3189,2879,1742,1300,1010,700,406
2025-02-05,35182,0,1,1,1,-23.8,-33.8,3.47,4.3,10740,0,0,0,101,1,145,0,0,252,334,1575,2289,2725,3680,3960,3878,3839,3291,2908,2230,1804,1029,660,481
2025-02-06,31203,0,1,1,1,-26.1,-33.4,1.02,2.9,16684,0,0,0,185,0,109,0,61,83,608,1107,2083,2503,3205,3757,3533,3590,3145,2294,1823,1226,1029,748,114
2025-02-07,37504,0,1,1,1,-22.7,-29.6,3.59,3.8,15789,211,0,0,0,210,201,0,0,184,612,1356,2640,3211,3687,4117,4387,4446,3669,2829,2248,1587,854,650,405
2025-02-08,54519,1,1,1,1,-20.4,-38.0,0.78,2.9,18890,0,227,0,183,0,0,242,0,330,563,2406,3173,4972,5221,6648,6453,6230,5327,4745,2963,2186,1639,730,281
2025-02-09,39939,1,1,1,1,-23.1,-31.4,1.04,4.2,19787,0,109,0,0,0,319,193,183,205,471,1374,2458,3316,4158,4629,4523,4086,3740,3138,2673,1885,1391,777,311
2025-02-10,37590,0,1,1,1,-21.0,-35.0,0.96,5.9,20075,24,0,0,0,0,149,136,0,397,362,1410,2335,3177,3679,4398,4548,4511,3558,2844,2024,1800,876,972,390
2025-02-11,38661,0,1,1,1,-18.9,-25.4,0.25,2.3,16278,0,281,0,181,172,0,0,0,305,647,1666,2695,3296,3537,4151,4704,3943,3487,3116,2187,1936,1212,503,642
2025-02-12,29544,0,1,1,1,-25.8,-35.5,0.7,3.1,9576,0,126,140,0,0,0,0,138,240,291,1097,1700,2521,2721,3556,3617,3135,2933,2508,1763,1152,812,738,356
2025-02-13,21043,0,0,1,1,-20.9,-30.3,3.06,5.1,8446,35,0,98,73,0,0,0,0,0,277,845,1387,1816,2185,2290,2362,2406,1959,1816,1357,933,781,281,142
2025-02-14,19112,0,0,1,1,-18.1,-37.0,3.62,3.2,7036,45,0,0,101,0,96,18,77,155,190,760,1311,1552,1988,2113,2125,2002,1983,1426,1218,945,510,246,251
2025-02-15,25395,1,0,1,1,-23.8,-29.5,0.81,4.9,9853,0,0,10,125,0,9,69,0,36,557,1108,1684,2221,2351,2972,3067,2816,2486,1864,1401,1327,725,495,72
2025-02-16,0,1,0,0,1,-12.3,-30.4,0.39,2.3,0,0,0,0,0,0,0,0,0,0,0,0,0,0,0,0,0,0,0,0,0,0,0,0,0
2025-02-17,0,0,0,0,1,-25.6,-32.8,0.47,4.0,0,0,0,0,0,0,0,0,0,0,0,0,0,0,0,0,0,0,0,0,0,0,0,0,0
2025-02-18,0,0,0,0,1,-19.9,-29.0,0.77,2.9,0,0,0,0,0,0,0,0,0,0,0,0,0,0,0,0,0,0,0,0,0,0,0,0,0
2025-02-19,0,0,0,0,1,-20.3,-31.8,1.77,3.1,0,0,0,0,0,0,0,0,0,0,0,0,0,0,0,0,0,0,0,0,0,0,0,0,0
2025-02-20,0,0,0,0,1,-22.6,-31.6,3.65,3.2,0,0,0,0,0,0,0,0,0,0,0,0,0,0,0,0,0,0,0,0,0,0,0,0,0
2025-02-21,0,0,0,0,1,-21.1,-29.7,1.63,3.1,0,0,0,0,0,0,0,0,0,0,0,0,0,0,0,0,0,0,0,0,0,0,0,0,0
2025-02-22,0,1,0,0,1,-25.5,-32.0,0.89,1.0,0,0,0,0,0,0,0,0,0,0,0,0,0,0,0,0,0,0,0,0,0,0,0,0,0
2025-02-23,0,1,0,0,1,-24.3,-31.3,2.62,1.7,0,0,0,0,0,0,0,0,0,0,0,0,0,0,0,0,0,0,0,0,0,0,0,0,0
2025-02-24,0,0,0,0,1,-18.7,-28.9,5.13,3.4,0,0,0,0,0,0,0,0,0,0,0,0,0,0,0,0,0,0,0,0,0,0,0,0,0
2025-02-25,0,0,0,0,1,-20.1,-32.3,0.43,5.8,0,0,0,0,0,0,0,0,0,0,0,0,0,0,0,0,0,0,0,0,0,0,0,0,0
2025-02-26,0,0,0,0,1,-18.8,-25.9,0.5,2.2,0,0,0,0,0,0,0,0,0,0,0,0,0,0,0,0,0,0,0,0,0,0,0,0,0
2025-02-27,0,0,0,0,1,-21.4,-26.0,1.81,0.7,0,0,0,0,0,0,0,0,0,0,0,0,0,0,0,0,0,0,0,0,0,0,0,0,0
2025-02-28,0,0,0,0,1,-20.2,-27.0,1.79,2.9,0,0,0,0,0,0,0,0,0,0,0,0,0,0,0,0,0,0,0,0,0,0,0,0,0
2025-03-01,12168,1,0,0,1,-17.2,-31.1,0.98,4.1,3696,66,0,0,0,0,77,49,0,150,227,561,1010,1277,1342,1443,1222,1011,896,803,668,540,354,285,187
2025-03-02,12365,1,0,0,1,-18.8,-32.9,0.35,1.1,3911,0,18,7,91,0,0,10,66,158,230,636,1177,1282,1497,1385,1130,1068,869,829,697,442,426,157,190
2025-03-03,10062,0,0,0,1,-15.5,-27.6,4.62,3.5,3952,69,2,0,4,0,15,0,19,0,153,558,989,1100,1220,1205,1034,883,748,615,584,347,284,126,107
2025-03-04,8990,0,0,0,1,-17.0,-31.5,0.22,2.9,2399,42,37,57,49,25,0,39,48,85,175,441,830,988,1120,952,831,742,692,521,374,417,194,220,111
2025-03-05,9831,0,0,0,1,-15.0,-28.7,6.28,3.1,3773,60,0,16,0,47,73,0,0,0,204,537,823,1065,1157,1126,990,802,773,668,467,320,332,266,105
2025-03-06,8284,0,0,0,1,-20.1,-32.1,2.35,2.8,3225,7,0,0,8,0,0,49,0,67,217,418,716,905,1037,994,846,679,633,518,403,267,204,200,116
2025-03-07,8055,0,0,0,1,-22.8,-31.5,5.32,2.3,2203,0,54,10,4,12,0,39,3,0,113,449,784,865,1029,964,776,668,555,555,365,306,242,191,71
2025-03-08,11856,1,0,0,1,-25.6,-29.8,2.17,2.8,6043,10,36,0,0,30,4,25,0,131,243,551,1016,1300,1429,1309,1211,983,838,813,642,489,407,152,237
2025-03-09,11661,1,0,0,1,-19.4,-31.3,0.77,1.5,4127,0,13,0,0,45,73,47,0,103,167,570,1017,1336,1359,1256,1094,1113,897,709,591,470,377,182,242
2025-03-10,8990,0,0,0,1,-20.9,-24.8,0.05,1.5,3224,0,40,0,24,42,8,33,22,23,217,450,793,991,1038,973,864,827,712,572,457,404,205,136,159
2025-03-11,9319,0,0,0,1,-16.6,-27.1,1.54,3.2,2759,0,40,0,48,0,14,0,0,0,253,555,828,978,1186,1043,876,843,761,529,424,435,229,128,149
2025-03-12,10174,0,0,0,1,-13.7,-27.9,15.13,2.7,4563,0,0,9,0,0,0,0,54,61,280,517,867,1049,1158,1119,1050,968,828,609,562,373,238,260,172
2025-03-13,11339,0,0,0,1,-20.5,-28.2,0.99,2.9,5078,0,0,0,0,0,41,67,79,111,289,631,1077,1209,1349,1268,1125,979,932,701,492,457,259,155,118
2025-03-14,10144,0,0,0,1,-20.6,-34.5,4.76,2.8,3213,0,43,0,0,46,0,0,0,117,252,573,880,1083,1261,1202,937,932,688,593,518,377,362,131,149
2025-03-15,11148,1,0,0,1,-19.5,-28.2,2.89,1.8,4593,0,75,71,49,0,0,22,0,126,241,525,1054,1290,1236,1261,1057,964,763,723,626,437,254,239,135
2025-03-16,12772,1,0,0,1,-12.8,-27.3,0.65,4.1,4852,0,0,0,90,87,0,0,0,65,245,779,1230,1372,1521,1551,1331,1041,915,809,579,446,286,283,142
2025-03-17,9952,0,0,0,1,-14.9,-25.2,2.01,3.8,2887,0,0,0,0,65,18,0,69,0,153,560,918,1026,1194,1174,1032,922,721,585,488,340,371,196,120
2025-03-18,10199,0,0,0,1,-11.0,-26.2,1.14,3.7,3922,0,10,41,0,0,60,0,40,45,189,467,943,1069,1205,1169,1024,965,749,629,568,419,265,139,203
2025-03-19,8980,0,0,0,1,-19.1,-21.7,1.98,3.9,2353,0,6,0,35,46,38,0,0,49,237,532,842,942,1058,1010,833,727,724,536,404,294,325,187,155
2025-03-20,10501,0,0,0,1,-13.2,-26.4,3.05,4.0,3361,0,5,0,0,0,0,50,0,0,207,629,888,1068,1217,1239,1042,983,851,720,534,412,234,287,135
2025-03-21,11335,0,0,0,1,-17.7,-24.1,1.06,5.4,3844,59,0,0,6,29,50,0,25,0,298,590,1040,1136,1291,1274,1177,1004,909,718,553,376,386,177,237
2025-03-22,12422,1,0,0,1,-14.0,-19.1,4.83,3.8,3826,0,0,0,0,24,0,0,0,76,275,694,1165,1333,1551,1415,1239,1147,835,838,644,459,290,167,270
2025-03-23,13845,1,0,0,1,-13.3,-27.2,1.43,4.8,4109,83,0,0,98,24,0,0,0,12,350,721,1257,1568,1604,1479,1348,1297,1073,780,713,553,490,187,208
2025-03-24,9740,0,0,0,1,-11.3,-25.3,2.15,3.3,3067,66,0,0,25,0,0,35,55,65,213,460,912,978,1180,1045,1004,878,742,568,461,393,322,128,210
2025-03-25,11087,0,0,0,1,-12.4,-25.3,5.71,0.1,3468,14,40,0,22,34,36,0,62,47,176,553,976,1265,1285,1306,1018,975,902,754,493,435,280,202,212
2025-03-26,11067,0,0,0,1,-11.5,-26.3,8.51,1.4,3877,18,10,0,0,0,55,7,0,102,297,686,970,1149,1337,1201,1180,937,784,701,531,493,323,162,124
2025-03-27,10419,0,0,0,1,-13.4,-27.4,3.18,5.5,4558,66,72,0,0,0,63,76,58,0,274,543,830,1102,1139,1180,984,905,776,716,531,393,354,267,90
2025-03-28,10318,0,0,0,1,-12.4,-28.9,0.16,4.5,2915,51,58,68,0,66,0,8,0,0,241,556,885,1079,1271,1099,1078,855,720,649,511,387,278,281,177
2025-03-29,13197,1,0,0,1,-14.1,-23.4,7.14,2.8,6472,14,0,0,25,0,0,9,0,160,336,773,1099,1369,1595,1447,1422,1116,988,829,689,449,381,216,280
2025-03-30,13778,1,0,0,1,-10.1,-24.5,5.39,1.2,4946,108,0,34,0,99,0,7,0,113,180,691,1178,1570,1587,1611,1317,1321,1132,901,657,493,314,224,241
2025-03-31,11553,0,0,0,1,-12.3,-20.7,1.77,3.4,4072,0,0,0,37,79,0,0,0,64,165,664,1098,1315,1293,1367,1159,1002,849,792,558,426,335,238,112
2025-04-01,0,0,0,0,0,-10.1,-21.5,3.54,3.8,0,0,0,0,0,0,0,0,0,0,0,0,0,0,0,0,0,0,0,0,0,0,0,0,0
2025-04-02,0,0,0,0,0,-19.2,-24.7,3.17,4.4,0,0,0,0,0,0,0,0,0,0,0,0,0,0,0,0,0,0,0,0,0,0,0,0,0
2025-04-03,0,0,0,0,0,-14.1,-22.3,0.69,3.6,0,0,0,0,0,0,0,0,0,0,0,0,0,0,0,0,0,0,0,0,0,0,0,0,0
2025-04-04,0,0,1,0,0,-14.7,-20.8,0.36,5.0,0,0,0,0,0,0,0,0,0,0,0,0,0,0,0,0,0,0,0,0,0,0,0,0,0
2025-04-05,0,1,1,0,0,-13.9,-15.7,0.09,3.8,0,0,0,0,0,0,0,0,0,0,0,0,0,0,0,0,0,0,0,0,0,0,0,0,0
2025-04-06,0,1,1,0,0,-11.5,-16.9,0.66,3.5,0,0,0,0,0,0,0,0,0,0,0,0,0,0,0,0,0,0,0,0,0,0,0,0,0
2025-04-07,0,0,0,0,0,-8.5,-19.8,1.07,3.9,0,0,0,0,0,0,0,0,0,0,0,0,0,0,0,0,0,0,0,0,0,0,0,0,0
2025-04-08,0,0,0,0,0,-16.0,-21.7,1.7,5.4,0,0,0,0,0,0,0,0,0,0,0,0,0,0,0,0,0,0,0,0,0,0,0,0,0
2025-04-09,0,0,0,0,0,-13.3,-18.1,13.42,4.1,0,0,0,0,0,0,0,0,0,0,0,0,0,0,0,0,0,0,0,0,0,0,0,0,0
2025-04-10,0,0,0,0,0,-14.2,-23.4,1.13,1.1,0,0,0,0,0,0,0,0,0,0,0,0,0,0,0,0,0,0,0,0,0,0,0,0,0
2025-04-11,0,0,0,0,0,-5.5,-19.7,3.03,2.6,0,0,0,0,0,0,0,0,0,0,0,0,0,0,0,0,0,0,0,0,0,0,0,0,0
2025-04-12,0,1,0,0,0,-8.4,-20.9,0.85,3.1,0,0,0,0,0,0,0,0,0,0,0,0,0,0,0,0,0,0,0,0,0,0,0,0,0
2025-04-13,0,1,0,0,0,-4.2,-21.7,2.12,1.0,0,0,0,0,0,0,0,0,0,0,0,0,0,0,0,0,0,0,0,0,0,0,0,0,0
2025-04-14,0,0,0,0,0,-9.5,-20.2,4.33,3.0,0,0,0,0,0,0,0,0,0,0,0,0,0,0,0,0,0,0,0,0,0,0,0,0,0
2025-04-15,0,0,0,0,0,-5.5,-22.1,2.47,3.1,0,0,0,0,0,0,0,0,0,0,0,0,0,0,0,0,0,0,0,0,0,0,0,0,0
2025-04-16,0,0,0,0,0,-10.0,-19.9,1.33,2.9,0,0,0,0,0,0,0,0,0,0,0,0,0,0,0,0,0,0,0,0,0,0,0,0,0
2025-04-17,0,0,0,0,0,-10.5,-16.8,0.32,4.2,0,0,0,0,0,0,0,0,0,0,0,0,0,0,0,0,0,0,0,0,0,0,0,0,0
2025-04-18,0,0,0,0,0,-3.7,-20.2,3.35,2.6,0,0,0,0,0,0,0,0,0,0,0,0,0,0,0,0,0,0,0,0,0,0,0,0,0
2025-04-19,0,1,0,0,0,-11.0,-14.8,0.51,0.9,0,0,0,0,0,0,0,0,0,0,0,0,0,0,0,0,0,0,0,0,0,0,0,0,0
2025-04-20,0,1,0,0,0,-5.0,-12.7,8.57,2.0,0,0,0,0,0,0,0,0,0,0,0,0,0,0,0,0,0,0,0,0,0,0,0,0,0
2025-04-21,0,0,0,0,0,-8.1,-20.8,1.25,1.1,0,0,0,0,0,0,0,0,0,0,0,0,0,0,0,0,0,0,0,0,0,0,0,0,0
2025-04-22,0,0,0,0,0,-7.1,-17.4,1.99,4.7,0,0,0,0,0,0,0,0,0,0,0,0,0,0,0,0,0,0,0,0,0,0,0,0,0
2025-04-23,0,0,0,0,0,-7.3,-12.7,4.51,2.0,0,0,0,0,0,0,0,0,0,0,0,0,0,0,0,0,0,0,0,0,0,0,0,0,0
2025-04-24,0,0,0,0,0,-5.8,-12.5,2.19,5.2,0,0,0,0,0,0,0,0,0,0,0,0,0,0,0,0,0,0,0,0,0,0,0,0,0
2025-04-25,0,0,0,0,0,-5.7,-9.2,0.06,3.7,0,0,0,0,0,0,0,0,0,0,0,0,0,0,0,0,0,0,0,0,0,0,0,0,0
2025-04-26,0,1,0,0,0,-8.0,-12.0,2.54,3.4,0,0,0,0,0,0,0,0,0,0,0,0,0,0,0,0,0,0,0,0,0,0,0,0,0
2025-04-27,0,1,0,0,0,-5.3,-22.6,5.02,4.5,0,0,0,0,0,0,0,0,0,0,0,0,0,0,0,0,0,0,0,0,0,0,0,0,0
2025-04-28,0,0,0,0,0,-1.0,-14.8,0.52,4.4,0,0,0,0,0,0,0,0,0,0,0,0,0,0,0,0,0,0,0,0,0,0,0,0,0
2025-04-29,0,0,0,0,0,-7.6,-19.3,3.78,4.7,0,0,0,0,0,0,0,0,0,0,0,0,0,0,0,0,0,0,0,0,0,0,0,0,0
2025-04-30,0,0,0,0,0,-0.5,-17.3,0.6,4.1,0,0,0,0,0,0,0,0,0,0,0,0,0,0,0,0,0,0,0,0,0,0,0,0,0
2025-05-01,0,0,1,0,0,-7.2,-13.2,13.32,1.8,0,0,0,0,0,0,0,0,0,0,0,0,0,0,0,0,0,0,0,0,0,0,0,0,0
2025-05-02,0,0,1,0,0,-1.7,-16.0,8.32,4.2,0,0,0,0,0,0,0,0,0,0,0,0,0,0,0,0,0,0,0,0,0,0,0,0,0
2025-05-03,0,1,1,0,0,-6.1,-12.4,7.93,2.8,0,0,0,0,0,0,0,0,0,0,0,0,0,0,0,0,0,0,0,0,0,0,0,0,0
2025-05-04,0,1,1,0,0,-2.9,-15.3,3.82,1.2,0,0,0,0,0,0,0,0,0,0,0,0,0,0,0,0,0,0,0,0,0,0,0,0,0
2025-05-05,0,0,1,0,0,1.0,-15.1,4.44,5.5,0,0,0,0,0,0,0,0,0,0,0,0,0,0,0,0,0,0,0,0,0,0,0,0,0
2025-05-06,0,0,0,0,0,-6.6,-5.6,0.42,4.9,0,0,0,0,0,0,0,0,0,0,0,0,0,0,0,0,0,0,0,0,0,0,0,0,0
2025-05-07,0,0,0,0,0,-3.6,-12.9,3.29,4.6,0,0,0,0,0,0,0,0,0,0,0,0,0,0,0,0,0,0,0,0,0,0,0,0,0
2025-05-08,0,0,0,0,0,-4.0,-9.3,2.48,5.4,0,0,0,0,0,0,0,0,0,0,0,0,0,0,0,0,0,0,0,0,0,0,0,0,0
2025-05-09,0,0,0,0,0,-3.2,-15.2,0.3,4.2,0,0,0,0,0,0,0,0,0,0,0,0,0,0,0,0,0,0,0,0,0,0,0,0,0
2025-05-10,0,1,0,0,0,-3.8,-11.2,8.57,5.0,0,0,0,0,0,0,0,0,0,0,0,0,0,0,0,0,0,0,0,0,0,0,0,0,0
2025-05-11,0,1,0,0,0,-1.0,-10.2,2.56,3.5,0,0,0,0,0,0,0,0,0,0,0,0,0,0,0,0,0,0,0,0,0,0,0,0,0
2025-05-12,0,0,0,0,0,-3.6,-4.5,1.03,6.6,0,0,0,0,0,0,0,0,0,0,0,0,0,0,0,0,0,0,0,0,0,0,0,0,0
2025-05-13,0,0,0,0,0,1.8,-0.7,8.21,5.1,0,0,0,0,0,0,0,0,0,0,0,0,0,0,0,0,0,0,0,0,0,0,0,0,0
2025-05-14,0,0,0,0,0,0.4,-6.5,3.44,3.4,0,0,0,0,0,0,0,0,0,0,0,0,0,0,0,0,0,0,0,0,0,0,0,0,0
2025-05-15,0,0,0,0,0,-1.5,-10.3,3.9,4.6,0,0,0,0,0,0,0,0,0,0,0,0,0,0,0,0,0,0,0,0,0,0,0,0,0
2025-05-16,0,0,0,0,0,4.8,-11.6,12.48,4.9,0,0,0,0,0,0,0,0,0,0,0,0,0,0,0,0,0,0,0,0,0,0,0,0,0
2025-05-17,0,1,0,0,0,3.7,-6.4,2.53,6.5,0,0,0,0,0,0,0,0,0,0,0,0,0,0,0,0,0,0,0,0,0,0,0,0,0
2025-05-18,0,1,0,0,0,5.1,-8.0,3.75,3.5,0,0,0,0,0,0,0,0,0,0,0,0,0,0,0,0,0,0,0,0,0,0,0,0,0
2025-05-19,0,0,0,0,0,2.8,-7.4,11.51,3.0,0,0,0,0,0,0,0,0,0,0,0,0,0,0,0,0,0,0,0,0,0,0,0,0,0
2025-05-20,0,0,0,0,0,3.4,-7.1,1.98,4.4,0,0,0,0,0,0,0,0,0,0,0,0,0,0,0,0,0,0,0,0,0,0,0,0,0
2025-05-21,0,0,0,0,0,2.7,-11.5,5.07,2.8,0,0,0,0,0,0,0,0,0,0,0,0,0,0,0,0,0,0,0,0,0,0,0,0,0
2025-05-22,0,0,0,0,0,-1.6,-10.1,12.07,3.5,0,0,0,0,0,0,0,0,0,0,0,0,0,0,0,0,0,0,0,0,0,0,0,0,0
2025-05-23,0,0,0,0,0,-0.3,-12.3,3.11,5.6,0,0,0,0,0,0,0,0,0,0,0,0,0,0,0,0,0,0,0,0,0,0,0,0,0
2025-05-24,0,1,0,0,0,1.5,-10.2,10.36,4.7,0,0,0,0,0,0,0,0,0,0,0,0,0,0,0,0,0,0,0,0,0,0,0,0,0
2025-05-25,0,1,0,0,0,2.6,-11.0,6.19,6.8,0,0,0,0,0,0,0,0,0,0,0,0,0,0,0,0,0,0,0,0,0,0,0,0,0
2025-05-26,0,0,0,0,0,1.7,-6.7,12.28,5.4,0,0,0,0,0,0,0,0,0,0,0,0,0,0,0,0,0,0,0,0,0,0,0,0,0
2025-05-27,0,0,0,0,0,7.3,-7.3,4.93,3.9,0,0,0,0,0,0,0,0,0,0,0,0,0,0,0,0,0,0,0,0,0,0,0,0,0
2025-05-28,0,0,1,0,0,5.7,-6.5,0.31,2.4,0,0,0,0,0,0,0,0,0,0,0,0,0,0,0,0,0,0,0,0,0,0,0,0,0
2025-05-29,0,0,1,0,0,1.5,-6.7,2.18,2.3,0,0,0,0,0,0,0,0,0,0,0,0,0,0,0,0,0,0,0,0,0,0,0,0,0
2025-05-30,0,0,1,0,0,4.5,-7.6,3.91,3.2,0,0,0,0,0,0,0,0,0,0,0,0,0,0,0,0,0,0,0,0,0,0,0,0,0
2025-05-31,0,1,1,0,0,0.1,-8.0,4.86,5.3,0,0,0,0,0,0,0,0,0,0,0,0,0,0,0,0,0,0,0,0,0,0,0,0,0
2025-06-01,0,1,0,0,0,6.2,-3.5,3.53,5.7,0,0,0,0,0,0,0,0,0,0,0,0,0,0,0,0,0,0,0,0,0,0,0,0,0
2025-06-02,0,0,0,0,0,3.9,-6.8,5.32,4.3,0,0,0,0,0,0,0,0,0,0,0,0,0,0,0,0,0,0,0,0,0,0,0,0,0
2025-06-03,0,0,0,0,0,-0.3,-0.9,5.66,3.3,0,0,0,0,0,0,0,0,0,0,0,0,0,0,0,0,0,0,0,0,0,0,0,0,0
2025-06-04,0,0,0,0,0,5.1,-3.1,2.31,4.7,0,0,0,0,0,0,0,0,0,0,0,0,0,0,0,0,0,0,0,0,0,0,0,0,0
2025-06-05,0,0,0,0,0,4.3,-0.7,4.04,5.5,0,0,0,0,0,0,0,0,0,0,0,0,0,0,0,0,0,0,0,0,0,0,0,0,0
2025-06-06,0,0,0,0,0,5.7,-0.4,18.61,4.4,0,0,0,0,0,0,0,0,0,0,0,0,0,0,0,0,0,0,0,0,0,0,0,0,0
2025-06-07,0,1,0,0,0,3.3,-2.6,0.55,7.2,0,0,0,0,0,0,0,0,0,0,0,0,0,0,0,0,0,0,0,0,0,0,0,0,0
2025-06-08,0,1,0,0,0,7.1,-2.3,2.09,5.4,0,0,0,0,0,0,0,0,0,0,0,0,0,0,0,0,0,0,0,0,0,0,0,0,0
2025-06-09,0,0,0,0,0,6.5,-5.9,15.47,2.5,0,0,0,0,0,0,0,0,0,0,0,0,0,0,0,0,0,0,0,0,0,0,0,0,0
2025-06-10,0,0,0,0,0,10.2,-6.7,6.61,2.8,0,0,0,0,0,0,0,0,0,0,0,0,0,0,0,0,0,0,0,0,0,0,0,0,0
2025-06-11,0,0,0,0,0,1.1,-6.8,0.29,6.0,0,0,0,0,0,0,0,0,0,0,0,0,0,0,0,0,0,0,0,0,0,0,0,0,0
2025-06-12,0,0,0,0,0,3.8,-3.7,8.16,5.8,0,0,0,0,0,0,0,0,0,0,0,0,0,0,0,0,0,0,0,0,0,0,0,0,0
2025-06-13,0,0,0,0,0,5.1,-3.3,1.54,4.0,0,0,0,0,0,0,0,0,0,0,0,0,0,0,0,0,0,0,0,0,0,0,0,0,0
2025-06-14,0,1,0,0,0,5.3,-5.9,17.63,4.7,0,0,0,0,0,0,0,0,0,0,0,0,0,0,0,0,0,0,0,0,0,0,0,0,0
2025-06-15,0,1,0,0,0,7.9,-3.6,0.03,4.5,0,0,0,0,0,0,0,0,0,0,0,0,0,0,0,0,0,0,0,0,0,0,0,0,0
2025-06-16,0,0,0,0,0,6.6,-2.1,0.87,4.2,0,0,0,0,0,0,0,0,0,0,0,0,0,0,0,0,0,0,0,0,0,0,0,0,0
2025-06-17,0,0,0,0,0,6.2,-5.8,4.33,5.3,0,0,0,0,0,0,0,0,0,0,0,0,0,0,0,0,0,0,0,0,0,0,0,0,0
2025-06-18,0,0,0,0,0,6.8,-0.9,1.35,3.7,0,0,0,0,0,0,0,0,0,0,0,0,0,0,0,0,0,0,0,0,0,0,0,0,0
2025-06-19,0,0,0,0,0,2.8,-2.2,7.73,4.8,0,0,0,0,0,0,0,0,0,0,0,0,0,0,0,0,0,0,0,0,0,0,0,0,0
2025-06-20,0,0,0,0,0,0.7,-3.8,5.32,5.1,0,0,0,0,0,0,0,0,0,0,0,0,0,0,0,0,0,0,0,0,0,0,0,0,0
2025-06-21,0,1,0,0,0,9.6,-4.8,1.0,2.9,0,0,0,0,0,0,0,0,0,0,0,0,0,0,0,0,0,0,0,0,0,0,0,0,0
2025-06-22,0,1,0,0,0,7.8,-4.8,3.24,5.4,0,0,0,0,0,0,0,0,0,0,0,0,0,0,0,0,0,0,0,0,0,0,0,0,0
2025-06-23,0,0,0,0,0,8.4,-4.9,13.03,4.0,0,0,0,0,0,0,0,0,0,0,0,0,0,0,0,0,0,0,0,0,0,0,0,0,0
2025-06-24,0,0,0,0,0,3.1,-0.9,0.54,6.3,0,0,0,0,0,0,0,0,0,0,0,0,0,0,0,0,0,0,0,0,0,0,0,0,0
2025-06-25,0,0,0,0,0,10.4,-4.5,1.95,6.2,0,0,0,0,0,0,0,0,0,0,0,0,0,0,0,0,0,0,0,0,0,0,0,0,0
2025-06-26,0,0,0,0,0,6.3,-4.5,7.48,6.7,0,0,0,0,0,0,0,0,0,0,0,0,0,0,0,0,0,0,0,0,0,0,0,0,0
2025-06-27,0,0,0,0,0,4.7,-1.8,2.4,3.1,0,0,0,0,0,0,0,0,0,0,0,0,0,0,0,0,0,0,0,0,0,0,0,0,0
2025-06-28,0,1,0,0,0,7.3,-1.8,4.32,3.9,0,0,0,0,0,0,0,0,0,0,0,0,0,0,0,0,0,0,0,0,0,0,0,0,0
2025-06-29,0,1,0,0,0,7.2,-1.9,2.48,5.3,0,0,0,0,0,0,0,0,0,0,0,0,0,0,0,0,0,0,0,0,0,0,0,0,0
2025-06-30,0,0,0,0,0,14.0,2.3,1.47,6.7,0,0,0,0,0,0,0,0,0,0,0,0,0,0,0,0,0,0,0,0,0,0,0,0,0
2025-07-01,0,0,0,0,0,5.1,-4.3,0.23,3.4,0,0,0,0,0,0,0,0,0,0,0,0,0,0,0,0,0,0,0,0,0,0,0,0,0
2025-07-02,0,0,0,0,0,6.5,-3.7,0.67,5.3,0,0,0,0,0,0,0,0,0,0,0,0,0,0,0,0,0,0,0,0,0,0,0,0,0
2025-07-03,0,0,0,0,0,7.1,-0.1,1.56,3.4,0,0,0,0,0,0,0,0,0,0,0,0,0,0,0,0,0,0,0,0,0,0,0,0,0
2025-07-04,0,0,0,0,0,8.0,-6.4,16.83,4.7,0,0,0,0,0,0,0,0,0,0,0,0,0,0,0,0,0,0,0,0,0,0,0,0,0
2025-07-05,0,1,0,0,0,3.9,1.3,3.17,2.6,0,0,0,0,0,0,0,0,0,0,0,0,0,0,0,0,0,0,0,0,0,0,0,0,0
2025-07-06,0,1,0,0,0,12.9,-2.4,11.61,4.3,0,0,0,0,0,0,0,0,0,0,0,0,0,0,0,0,0,0,0,0,0,0,0,0,0
2025-07-07,0,0,0,0,0,5.1,0.1,1.34,4.6,0,0,0,0,0,0,0,0,0,0,0,0,0,0,0,0,0,0,0,0,0,0,0,0,0
2025-07-08,0,0,0,0,0,6.6,-5.2,12.52,4.3,0,0,0,0,0,0,0,0,0,0,0,0,0,0,0,0,0,0,0,0,0,0,0,0,0
2025-07-09,0,0,0,0,0,12.6,-4.8,2.89,5.5,0,0,0,0,0,0,0,0,0,0,0,0,0,0,0,0,0,0,0,0,0,0,0,0,0
2025-07-10,0,0,0,0,0,11.1,-0.5,3.47,4.4,0,0,0,0,0,0,0,0,0,0,0,0,0,0,0,0,0,0,0,0,0,0,0,0,0
2025-07-11,0,0,0,0,0,9.2,-3.3,10.7,5.9,0,0,0,0,0,0,0,0,0,0,0,0,0,0,0,0,0,0,0,0,0,0,0,0,0
2025-07-12,0,1,0,0,0,7.9,-4.2,0.08,5.8,0,0,0,0,0,0,0,0,0,0,0,0,0,0,0,0,0,0,0,0,0,0,0,0,0
2025-07-13,0,1,0,0,0,5.9,-4.3,4.11,5.6,0,0,0,0,0,0,0,0,0,0,0,0,0,0,0,0,0,0,0,0,0,0,0,0,0
2025-07-14,0,0,0,0,0,3.2,-6.4,1.58,4.1,0,0,0,0,0,0,0,0,0,0,0,0,0,0,0,0,0,0,0,0,0,0,0,0,0
2025-07-15,0,0,0,0,0,6.3,-2.1,2.66,3.2,0,0,0,0,0,0,0,0,0,0,0,0,0,0,0,0,0,0,0,0,0,0,0,0,0
2025-07-16,0,0,0,0,0,10.9,-0.7,4.71,3.1,0,0,0,0,0,0,0,0,0,0,0,0,0,0,0,0,0,0,0,0,0,0,0,0,0
2025-07-17,0,0,0,0,0,6.8,3.7,0.33,4.7,0,0,0,0,0,0,0,0,0,0,0,0,0,0,0,0,0,0,0,0,0,0,0,0,0
2025-07-18,0,0,0,0,0,2.4,5.5,13.12,3.9,0,0,0,0,0,0,0,0,0,0,0,0,0,0,0,0,0,0,0,0,0,0,0,0,0
2025-07-19,0,1,0,0,0,5.3,-4.9,0.98,2.5,0,0,0,0,0,0,0,0,0,0,0,0,0,0,0,0,0,0,0,0,0,0,0,0,0
2025-07-20,0,1,0,0,0,8.0,3.2,3.49,5.9,0,0,0,0,0,0,0,0,0,0,0,0,0,0,0,0,0,0,0,0,0,0,0,0,0
2025-07-21,0,0,0,0,0,7.7,-1.1,1.78,6.8,0,0,0,0,0,0,0,0,0,0,0,0,0,0,0,0,0,0,0,0,0,0,0,0,0
2025-07-22,0,0,0,0,0,10.8,-0.5,1.5,5.5,0,0,0,0,0,0,0,0,0,0,0,0,0,0,0,0,0,0,0,0,0,0,0,0,0
2025-07-23,0,0,0,0,0,8.8,-3.0,3.0,4.1,0,0,0,0,0,0,0,0,0,0,0,0,0,0,0,0,0,0,0,0,0,0,0,0,0
2025-07-24,0,0,0,0,0,7.8,2.0,3.18,3.7,0,0,0,0,0,0,0,0,0,0,0,0,0,0,0,0,0,0,0,0,0,0,0,0,0
2025-07-25,0,0,0,0,0,5.6,-1.0,0.72,4.9,0,0,0,0,0,0,0,0,0,0,0,0,0,0,0,0,0,0,0,0,0,0,0,0,0
2025-07-26,0,1,0,0,0,4.6,4.1,7.43,3.8,0,0,0,0,0,0,0,0,0,0,0,0,0,0,0,0,0,0,0,0,0,0,0,0,0
2025-07-27,0,1,0,0,0,9.4,0.2,5.41,5.3,0,0,0,0,0,0,0,0,0,0,0,0,0,0,0,0,0,0,0,0,0,0,0,0,0
2025-07-28,0,0,0,0,0,5.2,-5.0,0.77,7.7,0,0,0,0,0,0,0,0,0,0,0,0,0,0,0,0,0,0,0,0,0,0,0,0,0
2025-07-29,0,0,0,0,0,6.5,-0.5,2.68,1.8,0,0,0,0,0,0,0,0,0,0,0,0,0,0,0,0,0,0,0,0,0,0,0,0,0
2025-07-30,0,0,0,0,0,8.4,0.8,1.06,3.3,0,0,0,0,0,0,0,0,0,0,0,0,0,0,0,0,0,0,0,0,0,0,0,0,0
2025-07-31,0,0,0,0,0,11.8,-2.5,15.92,5.4,0,0,0,0,0,0,0,0,0,0,0,0,0,0,0,0,0,0,0,0,0,0,0,0,0
2025-08-01,0,0,0,0,0,5.5,-1.1,0.35,4.6,0,0,0,0,0,0,0,0,0,0,0,0,0,0,0,0,0,0,0,0,0,0,0,0,0
2025-08-02,0,1,0,0,0,10.3,1.2,0.96,5.1,0,0,0,0,0,0,0,0,0,0,0,0,0,0,0,0,0,0,0,0,0,0,0,0,0
2025-08-03,0,1,0,0,0,6.1,-4.1,3.72,4.0,0,0,0,0,0,0,0,0,0,0,0,0,0,0,0,0,0,0,0,0,0,0,0,0,0
2025-08-04,0,0,0,0,0,9.9,-1.6,23.85,4.2,0,0,0,0,0,0,0,0,0,0,0,0,0,0,0,0,0,0,0,0,0,0,0,0,0
2025-08-05,0,0,0,0,0,8.4,-5.1,13.87,3.0,0,0,0,0,0,0,0,0,0,0,0,0,0,0,0,0,0,0,0,0,0,0,0,0,0
2025-08-06,0,0,0,0,0,7.4,-1.9,7.71,4.7,0,0,0,0,0,0,0,0,0,0,0,0,0,0,0,0,0,0,0,0,0,0,0,0,0
2025-08-07,0,0,0,0,0,8.8,-4.9,1.39,3.2,0,0,0,0,0,0,0,0,0,0,0,0,0,0,0,0,0,0,0,0,0,0,0,0,0
2025-08-08,0,0,0,0,0,11.2,-0.2,8.94,4.1,0,0,0,0,0,0,0,0,0,0,0,0,0,0,0,0,0,0,0,0,0,0,0,0,0
2025-08-09,0,1,0,0,0,6.0,1.9,10.61,3.0,0,0,0,0,0,0,0,0,0,0,0,0,0,0,0,0,0,0,0,0,0,0,0,0,0
2025-08-10,0,1,0,0,0,3.8,-0.5,0.72,3.1,0,0,0,0,0,0,0,0,0,0,0,0,0,0,0,0,0,0,0,0,0,0,0,0,0
2025-08-11,0,0,0,0,0,4.4,-5.2,3.52,5.6,0,0,0,0,0,0,0,0,0,0,0,0,0,0,0,0,0,0,0,0,0,0,0,0,0
2025-08-12,0,0,0,0,0,0.5,0.6,8.15,5.6,0,0,0,0,0,0,0,0,0,0,0,0,0,0,0,0,0,0,0,0,0,0,0,0,0
2025-08-13,0,0,0,0,0,3.0,-0.3,0.23,4.2,0,0,0,0,0,0,0,0,0,0,0,0,0,0,0,0,0,0,0,0,0,0,0,0,0
2025-08-14,0,0,0,0,0,2.4,0.6,6.49,5.1,0,0,0,0,0,0,0,0,0,0,0,0,0,0,0,0,0,0,0,0,0,0,0,0,0
2025-08-15,0,0,0,0,0,10.6,-3.6,5.5,5.6,0,0,0,0,0,0,0,0,0,0,0,0,0,0,0,0,0,0,0,0,0,0,0,0,0
2025-08-16,0,1,0,0,0,9.5,-3.6,9.22,4.4,0,0,0,0,0,0,0,0,0,0,0,0,0,0,0,0,0,0,0,0,0,0,0,0,0
2025-08-17,0,1,0,0,0,4.3,-7.7,2.96,3.8,0,0,0,0,0,0,0,0,0,0,0,0,0,0,0,0,0,0,0,0,0,0,0,0,0
2025-08-18,0,0,0,0,0,9.7,-1.7,2.47,4.5,0,0,0,0,0,0,0,0,0,0,0,0,0,0,0,0,0,0,0,0,0,0,0,0,0
2025-08-19,0,0,0,0,0,7.6,-7.6,0.65,4.2,0,0,0,0,0,0,0,0,0,0,0,0,0,0,0,0,0,0,0,0,0,0,0,0,0
2025-08-20,0,0,0,0,0,7.3,-3.7,2.39,3.8,0,0,0,0,0,0,0,0,0,0,0,0,0,0,0,0,0,0,0,0,0,0,0,0,0
2025-08-21,0,0,0,0,0,10.5,-5.4,0.6,4.2,0,0,0,0,0,0,0,0,0,0,0,0,0,0,0,0,0,0,0,0,0,0,0,0,0
2025-08-22,0,0,0,0,0,5.0,-4.7,9.03,4.4,0,0,0,0,0,0,0,0,0,0,0,0,0,0,0,0,0,0,0,0,0,0,0,0,0
2025-08-23,0,1,0,0,0,1.7,-9.4,1.49,7.7,0,0,0,0,0,0,0,0,0,0,0,0,0,0,0,0,0,0,0,0,0,0,0,0,0
2025-08-24,0,1,0,0,0,0.6,-7.7,16.46,5.2,0,0,0,0,0,0,0,0,0,0,0,0,0,0,0,0,0,0,0,0,0,0,0,0,0
2025-08-25,0,0,0,0,0,3.4,-4.8,2.24,6.9,0,0,0,0,0,0,0,0,0,0,0,0,0,0,0,0,0,0,0,0,0,0,0,0,0
2025-08-26,0,0,0,0,0,-1.7,-9.6,7.26,2.5,0,0,0,0,0,0,0,0,0,0,0,0,0,0,0,0,0,0,0,0,0,0,0,0,0
2025-08-27,0,0,0,0,0,5.6,-2.4,1.58,6.0,0,0,0,0,0,0,0,0,0,0,0,0,0,0,0,0,0,0,0,0,0,0,0,0,0
2025-08-28,0,0,0,0,0,3.2,0.0,2.05,1.5,0,0,0,0,0,0,0,0,0,0,0,0,0,0,0,0,0,0,0,0,0,0,0,0,0
2025-08-29,0,0,0,0,0,2.3,-6.7,0.61,5.6,0,0,0,0,0,0,0,0,0,0,0,0,0,0,0,0,0,0,0,0,0,0,0,0,0
2025-08-30,0,1,0,0,0,3.0,-1.9,4.76,5.6,0,0,0,0,0,0,0,0,0,0,0,0,0,0,0,0,0,0,0,0,0,0,0,0,0
2025-08-31,0,1,0,0,0,4.6,-5.9,12.68,6.8,0,0,0,0,0,0,0,0,0,0,0,0,0,0,0,0,0,0,0,0,0,0,0,0,0
2025-09-01,0,0,0,0,0,1.6,-10.5,8.65,4.1,0,0,0,0,0,0,0,0,0,0,0,0,0,0,0,0,0,0,0,0,0,0,0,0,0
2025-09-02,0,0,0,0,0,4.3,-10.2,3.64,5.3,0,0,0,0,0,0,0,0,0,0,0,0,0,0,0,0,0,0,0,0,0,0,0,0,0
2025-09-03,0,0,0,0,0,-3.1,-4.3,19.3,4.2,0,0,0,0,0,0,0,0,0,0,0,0,0,0,0,0,0,0,0,0,0,0,0,0,0
2025-09-04,0,0,0,0,0,7.7,-9.7,1.74,3.2,0,0,0,0,0,0,0,0,0,0,0,0,0,0,0,0,0,0,0,0,0,0,0,0,0
2025-09-05,0,0,0,0,0,2.7,-4.6,1.8,2.7,0,0,0,0,0,0,0,0,0,0,0,0,0,0,0,0,0,0,0,0,0,0,0,0,0
2025-09-06,0,1,0,0,0,3.0,-9.9,5.56,3.8,0,0,0,0,0,0,0,0,0,0,0,0,0,0,0,0,0,0,0,0,0,0,0,0,0
2025-09-07,0,1,0,0,0,3.5,-6.0,18.38,5.8,0,0,0,0,0,0,0,0,0,0,0,0,0,0,0,0,0,0,0,0,0,0,0,0,0
2025-09-08,0,0,0,0,0,-1.4,-3.3,0.34,4.7,0,0,0,0,0,0,0,0,0,0,0,0,0,0,0,0,0,0,0,0,0,0,0,0,0
2025-09-09,0,0,0,0,0,-4.0,-8.2,0.66,4.6,0,0,0,0,0,0,0,0,0,0,0,0,0,0,0,0,0,0,0,0,0,0,0,0,0
2025-09-10,0,0,0,0,0,5.3,-5.3,2.39,4.8,0,0,0,0,0,0,0,0,0,0,0,0,0,0,0,0,0,0,0,0,0,0,0,0,0
2025-09-11,0,0,0,0,0,-2.4,-9.1,3.88,3.2,0,0,0,0,0,0,0,0,0,0,0,0,0,0,0,0,0,0,0,0,0,0,0,0,0
2025-09-12,0,0,0,0,0,-1.8,-7.0,2.46,5.8,0,0,0,0,0,0,0,0,0,0,0,0,0,0,0,0,0,0,0,0,0,0,0,0,0
2025-09-13,0,1,0,0,0,-1.3,-10.3,2.37,1.0,0,0,0,0,0,0,0,0,0,0,0,0,0,0,0,0,0,0,0,0,0,0,0,0,0
2025-09-14,0,1,0,0,0,-0.1,-10.6,5.78,2.5,0,0,0,0,0,0,0,0,0,0,0,0,0,0,0,0,0,0,0,0,0,0,0,0,0
2025-09-15,0,0,0,0,0,1.6,-10.3,3.31,4.8,0,0,0,0,0,0,0,0,0,0,0,0,0,0,0,0,0,0,0,0,0,0,0,0,0
2025-09-16,0,0,0,0,0,-4.3,-6.8,1.68,5.1,0,0,0,0,0,0,0,0,0,0,0,0,0,0,0,0,0,0,0,0,0,0,0,0,0
2025-09-17,0,0,0,0,0,-2.7,-12.6,1.35,3.6,0,0,0,0,0,0,0,0,0,0,0,0,0,0,0,0,0,0,0,0,0,0,0,0,0
2025-09-18,0,0,0,0,0,1.6,-10.1,2.21,3.8,0,0,0,0,0,0,0,0,0,0,0,0,0,0,0,0,0,0,0,0,0,0,0,0,0
2025-09-19,0,0,0,0,0,-4.2,-7.5,2.3,3.3,0,0,0,0,0,0,0,0,0,0,0,0,0,0,0,0,0,0,0,0,0,0,0,0,0
2025-09-20,0,1,0,0,0,-4.7,-7.3,1.64,3.2,0,0,0,0,0,0,0,0,0,0,0,0,0,0,0,0,0,0,0,0,0,0,0,0,0
2025-09-21,0,1,0,0,0,-2.5,-10.6,13.21,2.5,0,0,0,0,0,0,0,0,0,0,0,0,0,0,0,0,0,0,0,0,0,0,0,0,0
2025-09-22,0,0,0,0,0,-5.0,-6.7,1.4,3.0,0,0,0,0,0,0,0,0,0,0,0,0,0,0,0,0,0,0,0,0,0,0,0,0,0
2025-09-23,0,0,0,0,0,-0.3,-13.0,0.08,3.2,0,0,0,0,0,0,0,0,0,0,0,0,0,0,0,0,0,0,0,0,0,0,0,0,0
2025-09-24,0,0,0,0,0,0.8,-18.0,3.31,1.8,0,0,0,0,0,0,0,0,0,0,0,0,0,0,0,0,0,0,0,0,0,0,0,0,0
2025-09-25,0,0,0,0,0,0.7,-10.2,9.53,2.9,0,0,0,0,0,0,0,0,0,0,0,0,0,0,0,0,0,0,0,0,0,0,0,0,0
2025-09-26,0,0,0,0,0,-0.4,-13.2,3.7,2.9,0,0,0,0,0,0,0,0,0,0,0,0,0,0,0,0,0,0,0,0,0,0,0,0,0
2025-09-27,0,1,0,0,0,-0.8,-13.6,1.04,7.0,0,0,0,0,0,0,0,0,0,0,0,0,0,0,0,0,0,0,0,0,0,0,0,0,0
2025-09-28,0,1,0,0,0,-3.9,-8.7,4.06,4.1,0,0,0,0,0,0,0,0,0,0,0,0,0,0,0,0,0,0,0,0,0,0,0,0,0
2025-09-29,0,0,0,0,0,-0.6,-15.9,4.48,4.8,0,0,0,0,0,0,0,0,0,0,0,0,0,0,0,0,0,0,0,0,0,0,0,0,0
2025-09-30,0,0,0,0,0,-6.1,-12.0,5.07,3.9,0,0,0,0,0,0,0,0,0,0,0,0,0,0,0,0,0,0,0,0,0,0,0,0,0
2025-10-01,0,0,1,0,0,-0.3,-14.8,1.08,2.5,0,0,0,0,0,0,0,0,0,0,0,0,0,0,0,0,0,0,0,0,0,0,0,0,0
2025-10-02,0,0,1,0,0,-3.7,-11.6,7.06,5.2,0,0,0,0,0,0,0,0,0,0,0,0,0,0,0,0,0,0,0,0,0,0,0,0,0
2025-10-03,0,0,1,0,0,-0.7,-15.1,0.39,4.5,0,0,0,0,0,0,0,0,0,0,0,0,0,0,0,0,0,0,0,0,0,0,0,0,0
2025-10-04,0,1,1,0,0,-6.9,-12.9,0.1,2.4,0,0,0,0,0,0,0,0,0,0,0,0,0,0,0,0,0,0,0,0,0,0,0,0,0
2025-10-05,0,1,1,0,0,-0.4,-10.6,1.81,4.9,0,0,0,0,0,0,0,0,0,0,0,0,0,0,0,0,0,0,0,0,0,0,0,0,0
2025-10-06,0,0,1,0,0,2.3,-13.4,5.81,0.6,0,0,0,0,0,0,0,0,0,0,0,0,0,0,0,0,0,0,0,0,0,0,0,0,0
2025-10-07,0,0,1,0,0,-6.6,-14.4,1.74,3.8,0,0,0,0,0,0,0,0,0,0,0,0,0,0,0,0,0,0,0,0,0,0,0,0,0
2025-10-08,0,0,1,0,0,-11.1,-13.1,7.92,3.4,0,0,0,0,0,0,0,0,0,0,0,0,0,0,0,0,0,0,0,0,0,0,0,0,0
2025-10-09,0,0,0,0,0,-6.1,-16.2,14.58,2.9,0,0,0,0,0,0,0,0,0,0,0,0,0,0,0,0,0,0,0,0,0,0,0,0,0
2025-10-10,0,0,0,0,0,-5.8,-17.7,0.87,4.5,0,0,0,0,0,0,0,0,0,0,0,0,0,0,0,0,0,0,0,0,0,0,0,0,0
2025-10-11,0,1,0,0,0,-2.1,-15.2,0.12,5.3,0,0,0,0,0,0,0,0,0,0,0,0,0,0,0,0,0,0,0,0,0,0,0,0,0
2025-10-12,0,1,0,0,0,-5.3,-15.5,1.22,2.7,0,0,0,0,0,0,0,0,0,0,0,0,0,0,0,0,0,0,0,0,0,0,0,0,0
2025-10-13,0,0,0,0,0,-8.8,-15.1,2.19,2.6,0,0,0,0,0,0,0,0,0,0,0,0,0,0,0,0,0,0,0,0,0,0,0,0,0
2025-10-14,0,0,0,0,0,-3.9,-27.3,1.27,3.9,0,0,0,0,0,0,0,0,0,0,0,0,0,0,0,0,0,0,0,0,0,0,0,0,0
2025-10-15,0,0,0,0,0,-12.5,-18.9,8.02,2.8,0,0,0,0,0,0,0,0,0,0,0,0,0,0,0,0,0,0,0,0,0,0,0,0,0
2025-10-16,0,0,0,0,0,-6.8,-16.2,2.69,4.2,0,0,0,0,0,0,0,0,0,0,0,0,0,0,0,0,0,0,0,0,0,0,0,0,0
2025-10-17,0,0,0,0,0,-9.2,-20.6,0.26,2.1,0,0,0,0,0,0,0,0,0,0,0,0,0,0,0,0,0,0,0,0,0,0,0,0,0
2025-10-18,0,1,0,0,0,-8.3,-19.1,9.04,3.6,0,0,0,0,0,0,0,0,0,0,0,0,0,0,0,0,0,0,0,0,0,0,0,0,0
2025-10-19,0,1,0,0,0,-6.8,-15.6,6.23,5.4,0,0,0,0,0,0,0,0,0,0,0,0,0,0,0,0,0,0,0,0,0,0,0,0,0
2025-10-20,0,0,0,0,0,-10.2,-15.0,2.36,3.7,0,0,0,0,0,0,0,0,0,0,0,0,0,0,0,0,0,0,0,0,0,0,0,0,0
2025-10-21,0,0,0,0,0,-5.0,-17.4,6.49,3.5,0,0,0,0,0,0,0,0,0,0,0,0,0,0,0,0,0,0,0,0,0,0,0,0,0
2025-10-22,0,0,0,0,0,-9.1,-23.7,2.35,6.2,0,0,0,0,0,0,0,0,0,0,0,0,0,0,0,0,0,0,0,0,0,0,0,0,0
2025-10-23,0,0,0,0,0,-9.5,-21.5,0.81,5.0,0,0,0,0,0,0,0,0,0,0,0,0,0,0,0,0,0,0,0,0,0,0,0,0,0
2025-10-24,0,0,0,0,0,-13.2,-23.9,2.77,3.3,0,0,0,0,0,0,0,0,0,0,0,0,0,0,0,0,0,0,0,0,0,0,0,0,0
2025-10-25,0,1,0,0,0,-11.3,-20.0,2.64,1.8,0,0,0,0,0,0,0,0,0,0,0,0,0,0,0,0,0,0,0,0,0,0,0,0,0
2025-10-26,0,1,0,0,0,-6.2,-21.9,5.61,2.6,0,0,0,0,0,0,0,0,0,0,0,0,0,0,0,0,0,0,0,0,0,0,0,0,0
2025-10-27,0,0,0,0,0,-11.7,-20.5,1.8,2.2,0,0,0,0,0,0,0,0,0,0,0,0,0,0,0,0,0,0,0,0,0,0,0,0,0
2025-10-28,0,0,0,0,0,-6.7,-20.0,1.73,3.0,0,0,0,0,0,0,0,0,0,0,0,0,0,0,0,0,0,0,0,0,0,0,0,0,0
2025-10-29,0,0,0,0,0,-16.9,-23.7,2.53,5.7,0,0,0,0,0,0,0,0,0,0,0,0,0,0,0,0,0,0,0,0,0,0,0,0,0
2025-10-30,0,0,0,0,0,-14.9,-20.7,6.63,3.5,0,0,0,0,0,0,0,0,0,0,0,0,0,0,0,0,0,0,0,0,0,0,0,0,0
2025-10-31,0,0,0,0,0,-14.6,-27.5,3.2,3.8,0,0,0,0,0,0,0,0,0,0,0,0,0,0,0,0,0,0,0,0,0,0,0,0,0
2025-11-01,12697,1,0,0,1,-10.4,-19.9,4.14,2.1,6913,0,88,17,7,0,0,0,0,66,232,697,1256,1384,1543,1404,1193,1214,979,889,571,529,335,201,92
2025-11-02,10508,1,0,0,1,-15.0,-24.2,0.42,3.2,4297,59,76,0,0,0,23,0,0,3,232,554,876,1167,1258,1246,969,976,803,607,548,403,383,147,178
2025-11-03,7597,0,0,0,1,-13.3,-21.9,1.33,4.5,3411,0,0,2,0,0,0,0,0,0,195,438,627,846,928,920,693,647,616,541,403,333,176,152,80
2025-11-04,7968,0,0,0,1,-14.7,-22.1,0.48,4.4,2288,59,61,6,0,0,0,0,0,97,111,454,634,863,991,863,735,715,606,526,364,278,288,207,110
2025-11-05,7256,0,0,0,1,-9.9,-24.3,1.81,3.2,2593,0,0,31,20,15,45,0,6,67,144,365,589,813,836,857,709,649,559,472,338,281,243,125,92
2025-11-06,7435,0,0,0,1,-15.8,-23.3,1.73,5.5,1958,11,32,38,0,46,18,45,0,41,196,452,657,784,885,834,712,636,595,428,389,256,202,95,83
2025-11-07,6474,0,0,0,1,-13.1,-23.1,0.8,1.1,2749,26,1,17,34,0,0,40,24,35,128,330,567,706,756,743,664,530,466,399,332,226,202,163,85
2025-11-08,10807,1,0,0,1,-15.3,-25.4,9.53,4.9,3351,0,62,0,32,29,0,0,0,17,267,640,957,1197,1312,1288,1058,925,763,702,527,418,251,251,111
2025-11-09,11826,1,0,0,1,-18.4,-26.0,0.81,1.3,4851,0,0,73,0,0,0,0,10,71,281,602,1039,1389,1545,1319,1208,1032,821,751,535,523,369,172,86
2025-11-10,6867,0,0,0,1,-13.4,-26.6,2.9,4.5,2150,0,0,0,0,17,0,0,2,45,184,379,602,747,861,808,653,577,478,437,362,269,155,158,133
2025-11-11,8164,0,0,0,1,-18.7,-22.5,1.71,5.7,3483,0,0,33,0,0,48,29,0,3,146,425,700,940,968,943,810,806,604,481,358,342,260,154,114
2025-11-12,8287,0,0,0,1,-17.3,-25.6,2.14,1.9,2488,0,59,46,0,0,0,0,0,63,166,501,691,938,1027,890,803,692,580,500,415,315,303,114,184
2025-11-13,7177,0,0,0,1,-17.6,-23.7,1.25,4.7,2607,0,0,26,0,19,44,0,0,59,134,378,596,779,807,822,737,609,528,516,375,321,202,171,54
2025-11-14,8617,0,0,0,1,-16.7,-27.0,1.54,2.9,3282,28,11,0,10,0,0,67,0,0,221,440,785,911,1015,945,828,753,667,554,485,277,255,181,184
2025-11-15,10505,1,0,0,1,-17.7,-26.2,5.69,4.0,3323,71,26,0,0,69,0,0,31,48,145,523,861,1153,1275,1194,1090,993,797,593,551,401,322,232,130
2025-11-16,9610,1,0,0,1,-18.2,-27.5,1.37,3.9,3600,0,46,28,33,29,0,0,0,96,257,511,765,970,1100,1082,868,904,678,666,507,410,295,205,160
2025-11-17,8468,0,0,0,1,-10.2,-24.3,12.48,4.4,3594,0,0,0,1,44,0,9,3,0,186,514,721,952,1046,936,802,834,625,517,382,364,271,190,71
2025-11-18,7500,0,0,0,1,-14.1,-27.9,1.08,0.6,3170,50,0,42,32,50,0,8,0,74,88,409,638,783,903,881,743,698,520,477,359,235,225,165,120
2025-11-19,7399,0,0,0,1,-12.1,-26.0,0.2,3.6,2256,0,0,6,0,26,16,0,30,54,163,411,606,834,870,909,775,674,523,444,349,292,197,149,71
2025-11-20,8762,0,0,0,1,-16.5,-22.4,1.61,1.6,2718,11,0,11,0,0,0,0,0,0,121,532,732,998,1032,1080,884,770,667,559,452,300,336,166,111
2025-11-21,6990,0,0,0,1,-13.2,-30.6,5.0,5.4,1897,37,25,0,0,0,52,0,0,0,125,384,665,754,865,791,633,595,521,493,381,243,174,104,148
2025-11-22,11141,1,0,0,1,-16.0,-26.9,1.38,0.0,4022,0,0,68,44,0,3,0,42,105,267,647,943,1188,1331,1242,1151,965,765,701,637,393,351,209,89
2025-11-23,11393,1,0,0,1,-18.1,-22.7,1.97,2.8,3918,0,13,50,0,37,0,0,0,108,169,635,1055,1200,1320,1243,1056,973,833,791,619,497,393,211,190
2025-11-24,7054,0,0,0,1,-15.4,-29.3,8.84,5.4,2764,50,0,27,2,0,30,5,17,15,137,396,616,733,900,802,723,617,506,442,338,283,213,139,63
2025-11-25,7581,0,0,0,1,-18.3,-32.7,0.36,3.5,2895,0,50,17,33,0,56,39,43,0,125,397,665,902,867,834,743,656,545,537,393,247,222,142,68
2025-11-26,9164,0,0,0,1,-15.3,-25.5,3.39,4.1,4024,0,14,0,62,0,0,26,42,57,239,559,748,977,1021,1011,906,870,725,531,391,373,274,146,192
2025-11-27,7550,0,0,0,1,-16.5,-29.8,5.82,5.0,2606,0,51,0,28,0,0,0,0,60,129,434,696,846,895,917,746,666,524,462,318,314,194,126,144
2025-11-28,7395,0,0,0,1,-21.1,-33.0,0.48,2.7,2519,0,22,15,36,0,0,0,0,12,125,410,686,801,927,833,716,672,499,432,361,349,248,99,152
2025-11-29,10391,1,0,0,1,-14.6,-27.6,4.43,1.6,4428,6,10,73,65,61,49,72,0,12,203,619,922,1167,1182,1137,1061,866,743,627,487,443,285,213,88
2025-11-30,10249,1,0,0,1,-15.7,-31.5,2.68,2.2,5351,0,0,69,40,0,0,48,30,90,187,574,865,1034,1199,1215,952,877,763,644,544,433,225,274,186
2025-12-01,0,0,0,0,1,-16.7,-29.0,2.95,2.8,0,0,0,0,0,0,0,0,0,0,0,0,0,0,0,0,0,0,0,0,0,0,0,0,0
2025-12-02,0,0,0,0,1,-18.7,-31.1,0.12,3.8,0,0,0,0,0,0,0,0,0,0,0,0,0,0,0,0,0,0,0,0,0,0,0,0,0
2025-12-03,0,0,0,0,1,-20.4,-29.9,1.73,4.7,0,0,0,0,0,0,0,0,0,0,0,0,0,0,0,0,0,0,0,0,0,0,0,0,0
2025-12-04,0,0,0,0,1,-21.0,-34.7,0.5,7.1,0,0,0,0,0,0,0,0,0,0,0,0,0,0,0,0,0,0,0,0,0,0,0,0,0
2025-12-05,0,0,0,0,1,-18.4,-29.2,1.28,2.4,0,0,0,0,0,0,0,0,0,0,0,0,0,0,0,0,0,0,0,0,0,0,0,0,0
2025-12-06,0,1,0,0,1,-20.9,-31.5,1.73,4.4,0,0,0,0,0,0,0,0,0,0,0,0,0,0,0,0,0,0,0,0,0,0,0,0,0
2025-12-07,0,1,0,0,1,-25.7,-29.3,0.68,4.4,0,0,0,0,0,0,0,0,0,0,0,0,0,0,0,0,0,0,0,0,0,0,0,0,0
2025-12-08,0,0,0,0,1,-19.5,-32.2,0.89,3.9,0,0,0,0,0,0,0,0,0,0,0,0,0,0,0,0,0,0,0,0,0,0,0,0,0
2025-12-09,0,0,0,0,1,-16.6,-34.0,0.01,3.1,0,0,0,0,0,0,0,0,0,0,0,0,0,0,0,0,0,0,0,0,0,0,0,0,0
2025-12-10,0,0,0,0,1,-21.1,-33.1,1.63,3.8,0,0,0,0,0,0,0,0,0,0,0,0,0,0,0,0,0,0,0,0,0,0,0,0,0
2025-12-11,0,0,0,0,1,-22.7,-34.6,0.73,3.4,0,0,0,0,0,0,0,0,0,0,0,0,0,0,0,0,0,0,0,0,0,0,0,0,0
2025-12-12,0,0,0,0,1,-25.6,-32.1,0.24,4.5,0,0,0,0,0,0,0,0,0,0,0,0,0,0,0,0,0,0,0,0,0,0,0,0,0
2025-12-13,0,1,0,0,1,-24.5,-32.6,0.1,1.3,0,0,0,0,0,0,0,0,0,0,0,0,0,0,0,0,0,0,0,0,0,0,0,0,0
2025-12-14,0,1,0,0,1,-13.3,-27.2,3.52,5.8,0,0,0,0,0,0,0,0,0,0,0,0,0,0,0,0,0,0,0,0,0,0,0,0,0
2025-12-15,0,0,0,0,1,-22.1,-30.9,2.03,4.0,0,0,0,0,0,0,0,0,0,0,0,0,0,0,0,0,0,0,0,0,0,0,0,0,0
2025-12-16,0,0,0,0,1,-22.7,-29.1,2.32,3.8,0,0,0,0,0,0,0,0,0,0,0,0,0,0,0,0,0,0,0,0,0,0,0,0,0
2025-12-17,0,0,0,0,1,-25.2,-36.0,0.47,2.0,0,0,0,0,0,0,0,0,0,0,0,0,0,0,0,0,0,0,0,0,0,0,0,0,0
2025-12-18,0,0,0,0,1,-26.2,-34.9,0.85,1.9,0,0,0,0,0,0,0,0,0,0,0,0,0,0,0,0,0,0,0,0,0,0,0,0,0
2025-12-19,0,0,0,0,1,-28.0,-34.8,1.29,2.7,0,0,0,0,0,0,0,0,0,0,0,0,0,0,0,0,0,0,0,0,0,0,0,0,0
2025-12-20,0,1,0,0,1,-20.6,-34.6,0.62,3.5,0,0,0,0,0,0,0,0,0,0,0,0,0,0,0,0,0,0,0,0,0,0,0,0,0
2025-12-21,0,1,0,0,1,-25.9,-29.6,0.03,3.0,0,0,0,0,0,0,0,0,0,0,0,0,0,0,0,0,0,0,0,0,0,0,0,0,0
2025-12-22,0,0,0,0,1,-22.1,-38.0,0.81,3.9,0,0,0,0,0,0,0,0,0,0,0,0,0,0,0,0,0,0,0,0,0,0,0,0,0
2025-12-23,0,0,0,0,1,-20.9,-34.8,0.14,2.7,0,0,0,0,0,0,0,0,0,0,0,0,0,0,0,0,0,0,0,0,0,0,0,0,0
2025-12-24,8097,0,0,1,1,-21.5,-30.1,2.92,3.1,2094,0,0,19,0,0,0,59,0,42,152,331,581,672,805,877,994,863,765,653,490,309,268,177,40
2025-12-25,9241,0,0,1,1,-23.7,-28.6,0.96,1.1,3438,63,25,0,0,56,0,71,65,0,199,344,641,761,901,1066,1143,933,923,682,523,387,268,157,33
2025-12-26,10393,0,0,1,1,-23.2,-32.2,0.15,4.7,4316,0,0,33,14,55,0,31,5,32,130,439,746,890,1102,1189,1201,1079,973,818,601,508,355,134,58
2025-12-27,14002,1,0,1,1,-28.0,-33.0,0.2,2.4,5432,65,2,0,53,0,0,0,0,34,152,536,801,1250,1325,1506,1721,1600,1469,1117,773,682,464,222,230
2025-12-28,17939,1,0,1,1,-20.8,-32.9,3.49,2.0,6764,0,70,0,0,27,109,0,0,0,331,616,1238,1493,1742,2242,2055,1995,1690,1459,1098,771,441,329,233
2025-12-29,12397,0,0,1,1,-18.8,-33.8,1.11,2.3,3500,0,0,3,12,88,0,28,63,74,138,451,719,1021,1296,1344,1452,1413,1304,989,788,539,306,229,140
2025-12-30,12930,0,0,1,1,-23.1,-38.0,0.88,3.3,4397,0,0,0,68,95,0,0,70,48,202,455,879,1091,1339,1533,1472,1447,1337,989,698,472,372,225,138
